method,n,metric,mean,ci95_halfwidth,seed_count
candidate,14,optimality_ratio,0.7452244897959185,0.007046638853390097,5
candidate,14,exact_optimum,0.006,0.00680087380658257,5
candidate,14,absolute_gap,12.484,0.34528530381611494,5
candidate,14,inference_time_seconds,0.010436080920011536,0.00019225780772087682,5
candidate,14,first_loss_step,13.217535353535354,0.2911931778277086,5
candidate,14,first_odd_cycle_step,13.970753514526711,0.361976711146232,5
candidate,14,parameter_count,449.0,0.0,5
candidate,14,exact_rate,0.006,0.00680087380658257,5
candidate,14,unbalanced_bipartite_rate,0.01,0.012416639982037665,5
candidate,14,nonbipartite_rate,0.984,0.016658670631186805,5
candidate,14,odd_cycle_first_loss_rate,0.738,0.04919873261135417,5
candidate,14,partition_imbalance_first_loss_rate,0.256,0.050893079429834155,5
candidate,24,optimality_ratio,0.6293888888888889,0.007772223197060308,5
candidate,24,exact_optimum,0.0,0.0,5
candidate,24,absolute_gap,53.367999999999995,1.1192001403766902,5
candidate,24,inference_time_seconds,0.06004536482999897,0.0007915218087757081,5
candidate,24,first_loss_step,19.918,0.619800561178158,5
candidate,24,first_odd_cycle_step,20.174,0.6455817001181282,5
candidate,24,parameter_count,449.0,0.0,5
candidate,24,exact_rate,0.0,0.0,5
candidate,24,unbalanced_bipartite_rate,0.0,0.0,5
candidate,24,nonbipartite_rate,1.0,0.0,5
candidate,24,odd_cycle_first_loss_rate,0.908,0.05074138586013449,5
candidate,24,partition_imbalance_first_loss_rate,0.092,0.05074138586013448,5
endpoint,14,optimality_ratio,0.9615102040816327,0.01978766717392856,5
endpoint,14,exact_optimum,0.638,0.13809849283198364,5
endpoint,14,absolute_gap,1.886,0.9695956915225004,5
endpoint,14,inference_time_seconds,0.01705191717001431,0.000993813257882682,5
endpoint,14,first_loss_step,18.42226851150499,6.138273398244098,5
endpoint,14,first_odd_cycle_step,13.047900042900043,3.51705102212925,5
endpoint,14,parameter_count,13185.0,0.0,5
endpoint,14,exact_rate,0.638,0.13809849283198364,5
endpoint,14,unbalanced_bipartite_rate,0.13,0.07398067091981214,5
endpoint,14,nonbipartite_rate,0.23199999999999998,0.12429050419900282,5
endpoint,14,odd_cycle_first_loss_rate,0.21400000000000002,0.12373105422828641,5
endpoint,14,partition_imbalance_first_loss_rate,0.148,0.06108179231435157,5
endpoint,24,optimality_ratio,0.8799583333333333,0.04110338460001217,5
endpoint,24,exact_optimum,0.148,0.08393869038691043,5
endpoint,24,absolute_gap,17.285999999999998,5.918887382401748,5
endpoint,24,inference_time_seconds,0.09657196316599578,0.01928011474898559,5
endpoint,24,first_loss_step,26.440476940973394,5.1743312642966295,5
endpoint,24,first_odd_cycle_step,21.011096996831725,4.4511313255589995,5
endpoint,24,parameter_count,13185.0,0.0,5
endpoint,24,exact_rate,0.148,0.08393869038691043,5
endpoint,24,unbalanced_bipartite_rate,0.094,0.09191668822746928,5
endpoint,24,nonbipartite_rate,0.758,0.1427643645460432,5
endpoint,24,odd_cycle_first_loss_rate,0.732,0.13865556848143168,5
endpoint,24,partition_imbalance_first_loss_rate,0.12,0.08094658923543532,5
gnn,14,optimality_ratio,0.9757551020408164,0.02475779141436879,5
gnn,14,exact_optimum,0.8119999999999999,0.14195211996152152,5
gnn,14,absolute_gap,1.188,1.2131317793040726,5
gnn,14,inference_time_seconds,0.018924258829989358,0.001503234155538053,5
gnn,14,first_loss_step,18.79962537462537,7.061464045528787,5
gnn,14,first_odd_cycle_step,14.008701433701436,2.1731767922161374,5
gnn,14,parameter_count,38337.0,0.0,5
gnn,14,exact_rate,0.8119999999999999,0.14195211996152152,5
gnn,14,unbalanced_bipartite_rate,0.036,0.018830766883484416,5
gnn,14,nonbipartite_rate,0.152,0.1541864736285038,5
gnn,14,odd_cycle_first_loss_rate,0.13999999999999999,0.134019209420411,5
gnn,14,partition_imbalance_first_loss_rate,0.048,0.013601747613165136,5
gnn,24,optimality_ratio,0.9133333333333333,0.034029067455922234,5
gnn,24,exact_optimum,0.354,0.20788140236375938,5
gnn,24,absolute_gap,12.48,4.900185713652801,5
gnn,24,inference_time_seconds,0.12203896325199455,0.00736050431253391,5
gnn,24,first_loss_step,28.699984823937324,10.314965554975977,5
gnn,24,first_odd_cycle_step,21.12383210644962,4.6083449250247925,5
gnn,24,parameter_count,38337.0,0.0,5
gnn,24,exact_rate,0.354,0.20788140236375938,5
gnn,24,unbalanced_bipartite_rate,0.054000000000000006,0.04173912214472125,5
gnn,24,nonbipartite_rate,0.592,0.22935520488738548,5
gnn,24,odd_cycle_first_loss_rate,0.576,0.20788140236375935,5
gnn,24,partition_imbalance_first_loss_rate,0.07,0.04210687481992302,5
mlp,14,optimality_ratio,0.7440408163265306,0.009673142603451375,5
mlp,14,exact_optimum,0.0,0.0,5
mlp,14,absolute_gap,12.542,0.473983987569117,5
mlp,14,inference_time_seconds,0.01161955849800137,0.0006412363345788928,5
mlp,14,first_loss_step,13.006,0.42964086301403637,5
mlp,14,first_odd_cycle_step,13.713715934858792,0.39853073392346683,5
mlp,14,parameter_count,37990.0,0.0,5
mlp,14,exact_rate,0.0,0.0,5
mlp,14,unbalanced_bipartite_rate,0.006,0.011105780420791196,5
mlp,14,nonbipartite_rate,0.9940000000000001,0.011105780420791207,5
mlp,14,odd_cycle_first_loss_rate,0.772,0.057840755365267664,5
mlp,14,partition_imbalance_first_loss_rate,0.22799999999999998,0.05784075536526765,5
mlp,24,optimality_ratio,0.6306527777777778,0.004161542270218787,5
mlp,24,exact_optimum,0.0,0.0,5
mlp,24,absolute_gap,53.186,0.5992620869115023,5
mlp,24,inference_time_seconds,0.06544942217399144,0.001097530448342542,5
mlp,24,first_loss_step,20.152,0.4275545169560273,5
mlp,24,first_odd_cycle_step,20.468,0.3087227181918987,5
mlp,24,parameter_count,37990.0,0.0,5
mlp,24,exact_rate,0.0,0.0,5
mlp,24,unbalanced_bipartite_rate,0.0,0.0,5
mlp,24,nonbipartite_rate,1.0,0.0,5
mlp,24,odd_cycle_first_loss_rate,0.906,0.039849483923489186,5
mlp,24,partition_imbalance_first_loss_rate,0.094,0.0398494839234892,5
