method,n,seed,outcome,episodes,mean_ratio,mean_gap
candidate,6,0,exact,95,1.0,0.0
candidate,6,0,unbalanced_bipartite,5,0.888888888888889,1.0
candidate,6,1,exact,94,1.0,0.0
candidate,6,1,nonbipartite,1,0.7777777777777778,2.0
candidate,6,1,unbalanced_bipartite,5,0.888888888888889,1.0
candidate,6,2,exact,97,1.0,0.0
candidate,6,2,nonbipartite,1,0.7777777777777778,2.0
candidate,6,2,unbalanced_bipartite,2,0.8888888888888888,1.0
candidate,6,3,exact,94,1.0,0.0
candidate,6,3,unbalanced_bipartite,6,0.8888888888888888,1.0
candidate,6,4,exact,90,1.0,0.0
candidate,6,4,nonbipartite,2,0.7777777777777778,2.0
candidate,6,4,unbalanced_bipartite,8,0.8888888888888888,1.0
candidate,7,0,exact,98,1.0,0.0
candidate,7,0,nonbipartite,2,0.8333333333333334,2.0
candidate,7,1,exact,98,1.0,0.0
candidate,7,1,nonbipartite,2,0.8333333333333334,2.0
candidate,7,2,exact,97,1.0,0.0
candidate,7,2,nonbipartite,3,0.8333333333333334,2.0
candidate,7,3,exact,98,1.0,0.0
candidate,7,3,nonbipartite,2,0.8333333333333334,2.0
candidate,7,4,exact,99,1.0,0.0
candidate,7,4,nonbipartite,1,0.8333333333333334,2.0
candidate,8,0,exact,92,1.0,0.0
candidate,8,0,nonbipartite,2,0.8125,3.0
candidate,8,0,unbalanced_bipartite,6,0.9375,1.0
candidate,8,1,exact,88,1.0,0.0
candidate,8,1,nonbipartite,2,0.8125,3.0
candidate,8,1,unbalanced_bipartite,10,0.9375,1.0
candidate,8,2,exact,86,1.0,0.0
candidate,8,2,nonbipartite,4,0.8125,3.0
candidate,8,2,unbalanced_bipartite,10,0.9375,1.0
candidate,8,3,exact,82,1.0,0.0
candidate,8,3,nonbipartite,2,0.8125,3.0
candidate,8,3,unbalanced_bipartite,16,0.9375,1.0
candidate,8,4,exact,92,1.0,0.0
candidate,8,4,nonbipartite,2,0.8125,3.0
candidate,8,4,unbalanced_bipartite,6,0.9375,1.0
candidate,9,0,exact,97,1.0,0.0
candidate,9,0,nonbipartite,3,0.85,3.0
candidate,9,1,exact,92,1.0,0.0
candidate,9,1,nonbipartite,8,0.85,3.0
candidate,9,2,exact,93,1.0,0.0
candidate,9,2,nonbipartite,6,0.85,3.0
candidate,9,2,unbalanced_bipartite,1,0.9,2.0
candidate,9,3,exact,94,1.0,0.0
candidate,9,3,nonbipartite,6,0.85,3.0
candidate,9,4,exact,93,1.0,0.0
candidate,9,4,nonbipartite,7,0.8357142857142856,3.2857142857142856
candidate,10,0,exact,86,1.0,0.0
candidate,10,0,nonbipartite,2,0.84,4.0
candidate,10,0,unbalanced_bipartite,12,0.96,1.0
candidate,10,1,exact,74,1.0,0.0
candidate,10,1,nonbipartite,8,0.84,4.0
candidate,10,1,unbalanced_bipartite,18,0.9600000000000001,1.0
candidate,10,2,exact,74,1.0,0.0
candidate,10,2,nonbipartite,9,0.8355555555555555,4.111111111111111
candidate,10,2,unbalanced_bipartite,17,0.96,1.0
candidate,10,3,exact,75,1.0,0.0
candidate,10,3,nonbipartite,12,0.8333333333333334,4.166666666666667
candidate,10,3,unbalanced_bipartite,13,0.9600000000000001,1.0
candidate,10,4,exact,80,1.0,0.0
candidate,10,4,nonbipartite,6,0.8333333333333334,4.166666666666667
candidate,10,4,unbalanced_bipartite,14,0.96,1.0
candidate,11,0,exact,91,1.0,0.0
candidate,11,0,nonbipartite,8,0.8416666666666667,4.75
candidate,11,0,unbalanced_bipartite,1,0.9333333333333332,2.0
candidate,11,1,exact,89,1.0,0.0
candidate,11,1,nonbipartite,11,0.8454545454545456,4.636363636363637
candidate,11,2,exact,89,1.0,0.0
candidate,11,2,nonbipartite,10,0.86,4.2
candidate,11,2,unbalanced_bipartite,1,0.9333333333333332,2.0
candidate,11,3,exact,91,1.0,0.0
candidate,11,3,nonbipartite,9,0.8481481481481482,4.555555555555555
candidate,11,4,exact,89,1.0,0.0
candidate,11,4,nonbipartite,11,0.8424242424242425,4.7272727272727275
candidate,12,0,exact,70,1.0,0.0
candidate,12,0,nonbipartite,10,0.8388888888888889,5.8
candidate,12,0,unbalanced_bipartite,20,0.9722222222222221,1.0
candidate,12,1,exact,62,1.0,0.0
candidate,12,1,nonbipartite,18,0.8487654320987654,5.444444444444445
candidate,12,1,unbalanced_bipartite,20,0.9722222222222221,1.0
candidate,12,2,exact,73,1.0,0.0
candidate,12,2,nonbipartite,13,0.8547008547008548,5.230769230769231
candidate,12,2,unbalanced_bipartite,14,0.9722222222222222,1.0
candidate,12,3,exact,77,1.0,0.0
candidate,12,3,nonbipartite,11,0.8535353535353536,5.2727272727272725
candidate,12,3,unbalanced_bipartite,12,0.9722222222222222,1.0
candidate,12,4,exact,72,1.0,0.0
candidate,12,4,nonbipartite,12,0.8611111111111112,5.0
candidate,12,4,unbalanced_bipartite,16,0.9722222222222222,1.0
candidate,13,0,exact,89,1.0,0.0
candidate,13,0,nonbipartite,11,0.8679653679653679,5.545454545454546
candidate,13,1,exact,84,1.0,0.0
candidate,13,1,nonbipartite,16,0.8556547619047619,6.0625
candidate,13,2,exact,82,1.0,0.0
candidate,13,2,nonbipartite,17,0.8655462184873949,5.647058823529412
candidate,13,2,unbalanced_bipartite,1,0.9523809523809524,2.0
candidate,13,3,exact,90,1.0,0.0
candidate,13,3,nonbipartite,10,0.8571428571428571,6.0
candidate,13,4,exact,76,1.0,0.0
candidate,13,4,nonbipartite,23,0.8643892339544513,5.695652173913044
candidate,13,4,unbalanced_bipartite,1,0.9523809523809524,2.0
candidate,14,0,exact,58,1.0,0.0
candidate,14,0,nonbipartite,23,0.8695652173913043,6.391304347826087
candidate,14,0,unbalanced_bipartite,19,0.9795918367346941,1.0
candidate,14,1,exact,63,1.0,0.0
candidate,14,1,nonbipartite,17,0.8571428571428571,7.0
candidate,14,1,unbalanced_bipartite,20,0.9795918367346939,1.0
candidate,14,2,exact,68,1.0,0.0
candidate,14,2,nonbipartite,21,0.8590864917395529,6.904761904761905
candidate,14,2,unbalanced_bipartite,11,0.979591836734694,1.0
candidate,14,3,exact,57,1.0,0.0
candidate,14,3,nonbipartite,20,0.8653061224489795,6.6
candidate,14,3,unbalanced_bipartite,23,0.9795918367346941,1.0
candidate,14,4,exact,60,1.0,0.0
candidate,14,4,nonbipartite,19,0.8603651987110633,6.842105263157895
candidate,14,4,unbalanced_bipartite,21,0.979591836734694,1.0
candidate,15,0,exact,81,1.0,0.0
candidate,15,0,nonbipartite,18,0.8621031746031745,7.722222222222222
candidate,15,0,unbalanced_bipartite,1,0.9642857142857144,2.0
candidate,15,1,exact,74,1.0,0.0
candidate,15,1,nonbipartite,22,0.8668831168831169,7.454545454545454
candidate,15,1,unbalanced_bipartite,4,0.9642857142857144,2.0
candidate,15,2,exact,71,1.0,0.0
candidate,15,2,nonbipartite,29,0.8663793103448276,7.482758620689655
candidate,15,3,exact,80,1.0,0.0
candidate,15,3,nonbipartite,20,0.875,7.0
candidate,15,4,exact,74,1.0,0.0
candidate,15,4,nonbipartite,26,0.8674450549450549,7.423076923076923
candidate,16,0,exact,49,1.0,0.0
candidate,16,0,nonbipartite,31,0.8775201612903226,7.838709677419355
candidate,16,0,unbalanced_bipartite,20,0.984375,1.0
candidate,16,1,exact,52,1.0,0.0
candidate,16,1,nonbipartite,26,0.8804086538461539,7.653846153846154
candidate,16,1,unbalanced_bipartite,22,0.984375,1.0
candidate,16,2,exact,49,1.0,0.0
candidate,16,2,nonbipartite,36,0.8663194444444444,8.555555555555555
candidate,16,2,unbalanced_bipartite,15,0.984375,1.0
candidate,16,3,exact,50,1.0,0.0
candidate,16,3,nonbipartite,31,0.8734879032258065,8.096774193548388
candidate,16,3,unbalanced_bipartite,19,0.984375,1.0
candidate,16,4,exact,43,1.0,0.0
candidate,16,4,nonbipartite,33,0.8726325757575758,8.151515151515152
candidate,16,4,unbalanced_bipartite,24,0.982421875,1.125
candidate,17,0,exact,65,1.0,0.0
candidate,17,0,nonbipartite,32,0.8758680555555556,8.9375
candidate,17,0,unbalanced_bipartite,3,0.9722222222222222,2.0
candidate,17,1,exact,58,1.0,0.0
candidate,17,1,nonbipartite,37,0.8626126126126127,9.891891891891891
candidate,17,1,unbalanced_bipartite,5,0.9722222222222221,2.0
candidate,17,2,exact,60,1.0,0.0
candidate,17,2,nonbipartite,40,0.8694444444444445,9.4
candidate,17,3,exact,65,1.0,0.0
candidate,17,3,nonbipartite,30,0.8689814814814815,9.433333333333334
candidate,17,3,unbalanced_bipartite,5,0.9722222222222221,2.0
candidate,17,4,exact,59,1.0,0.0
candidate,17,4,nonbipartite,38,0.8720760233918128,9.210526315789474
candidate,17,4,unbalanced_bipartite,3,0.9722222222222222,2.0
candidate,20,0,exact,35,1.0,0.0
candidate,20,0,nonbipartite,51,0.8815686274509804,11.843137254901961
candidate,20,0,unbalanced_bipartite,14,0.99,1.0
candidate,20,1,exact,33,1.0,0.0
candidate,20,1,nonbipartite,51,0.8813725490196079,11.862745098039216
candidate,20,1,unbalanced_bipartite,16,0.99,1.0
candidate,20,2,exact,36,1.0,0.0
candidate,20,2,nonbipartite,47,0.8740425531914894,12.595744680851064
candidate,20,2,unbalanced_bipartite,17,0.9899999999999999,1.0
candidate,20,3,exact,20,1.0,0.0
candidate,20,3,nonbipartite,60,0.8716666666666666,12.833333333333334
candidate,20,3,unbalanced_bipartite,20,0.9884999999999999,1.15
candidate,20,4,exact,35,1.0,0.0
candidate,20,4,nonbipartite,45,0.8784444444444445,12.155555555555555
candidate,20,4,unbalanced_bipartite,20,0.99,1.0
candidate,23,0,exact,48,1.0,0.0
candidate,23,0,nonbipartite,51,0.8789364230540702,15.980392156862745
candidate,23,0,unbalanced_bipartite,1,0.9848484848484848,2.0
candidate,23,1,exact,32,1.0,0.0
candidate,23,1,nonbipartite,65,0.8812354312354312,15.676923076923076
candidate,23,1,unbalanced_bipartite,3,0.9848484848484848,2.0
candidate,23,2,exact,22,1.0,0.0
candidate,23,2,nonbipartite,73,0.868513906185139,17.356164383561644
candidate,23,2,unbalanced_bipartite,5,0.9848484848484848,2.0
candidate,23,3,exact,37,1.0,0.0
candidate,23,3,nonbipartite,59,0.8718541345659989,16.915254237288135
candidate,23,3,unbalanced_bipartite,4,0.9848484848484848,2.0
candidate,23,4,exact,22,1.0,0.0
candidate,23,4,nonbipartite,72,0.8775252525252525,16.166666666666668
candidate,23,4,unbalanced_bipartite,6,0.9848484848484848,2.0
candidate,24,0,exact,28,1.0,0.0
candidate,24,0,nonbipartite,65,0.8790598290598292,17.415384615384614
candidate,24,0,unbalanced_bipartite,7,0.9930555555555556,1.0
candidate,24,1,exact,25,1.0,0.0
candidate,24,1,nonbipartite,57,0.8819444444444445,17.0
candidate,24,1,unbalanced_bipartite,18,0.9930555555555556,1.0
candidate,24,2,exact,18,1.0,0.0
candidate,24,2,nonbipartite,69,0.8734903381642513,18.217391304347824
candidate,24,2,unbalanced_bipartite,13,0.9930555555555556,1.0
candidate,24,3,exact,24,1.0,0.0
candidate,24,3,nonbipartite,67,0.8791459369817579,17.402985074626866
candidate,24,3,unbalanced_bipartite,9,0.9930555555555556,1.0
candidate,24,4,exact,22,1.0,0.0
candidate,24,4,nonbipartite,63,0.8725749559082893,18.349206349206348
candidate,24,4,unbalanced_bipartite,15,0.9902777777777778,1.4
candidate,25,0,exact,39,1.0,0.0
candidate,25,0,nonbipartite,58,0.8848364279398763,17.96551724137931
candidate,25,0,unbalanced_bipartite,3,0.9871794871794872,2.0
candidate,25,1,exact,38,1.0,0.0
candidate,25,1,nonbipartite,59,0.8803780964797914,18.661016949152543
candidate,25,1,unbalanced_bipartite,3,0.9871794871794872,2.0
candidate,25,2,exact,28,1.0,0.0
candidate,25,2,nonbipartite,71,0.8686348862405201,20.492957746478872
candidate,25,2,unbalanced_bipartite,1,0.9871794871794872,2.0
candidate,25,3,exact,33,1.0,0.0
candidate,25,3,nonbipartite,64,0.8732972756410257,19.765625
candidate,25,3,unbalanced_bipartite,3,0.9871794871794872,2.0
candidate,25,4,exact,26,1.0,0.0
candidate,25,4,nonbipartite,69,0.8652917131178002,21.014492753623188
candidate,25,4,unbalanced_bipartite,5,0.9871794871794872,2.0
candidate,30,0,exact,7,1.0,0.0
candidate,30,0,nonbipartite,84,0.8771957671957673,27.63095238095238
candidate,30,0,unbalanced_bipartite,9,0.9940740740740741,1.3333333333333333
candidate,30,1,exact,11,1.0,0.0
candidate,30,1,nonbipartite,84,0.8801058201058202,26.976190476190474
candidate,30,1,unbalanced_bipartite,5,0.9902222222222223,2.2
candidate,30,2,exact,7,1.0,0.0
candidate,30,2,nonbipartite,89,0.8456928838951311,34.71910112359551
candidate,30,2,unbalanced_bipartite,4,0.9955555555555556,1.0
candidate,30,3,exact,7,1.0,0.0
candidate,30,3,nonbipartite,89,0.8642696629213483,30.53932584269663
candidate,30,3,unbalanced_bipartite,4,0.9922222222222223,1.75
candidate,30,4,exact,6,1.0,0.0
candidate,30,4,nonbipartite,82,0.8506775067750678,33.59756097560975
candidate,30,4,unbalanced_bipartite,12,0.9955555555555556,1.0
candidate,40,0,exact,1,1.0,0.0
candidate,40,0,nonbipartite,97,0.8444587628865978,62.21649484536083
candidate,40,0,unbalanced_bipartite,2,0.9975,1.0
candidate,40,1,exact,1,1.0,0.0
candidate,40,1,nonbipartite,97,0.8404896907216495,63.8041237113402
candidate,40,1,unbalanced_bipartite,2,0.9975,1.0
candidate,40,2,exact,1,1.0,0.0
candidate,40,2,nonbipartite,99,0.8107828282828282,75.68686868686869
candidate,40,3,exact,3,1.0,0.0
candidate,40,3,nonbipartite,95,0.8492105263157894,60.31578947368421
candidate,40,3,unbalanced_bipartite,2,0.9975,1.0
candidate,40,4,exact,1,1.0,0.0
candidate,40,4,nonbipartite,98,0.8316326530612245,67.34693877551021
candidate,40,4,unbalanced_bipartite,1,0.99,4.0
endpoint,6,0,exact,100,1.0,0.0
endpoint,6,1,exact,100,1.0,0.0
endpoint,6,2,exact,100,1.0,0.0
endpoint,6,3,exact,100,1.0,0.0
endpoint,6,4,exact,100,1.0,0.0
endpoint,7,0,exact,100,1.0,0.0
endpoint,7,1,exact,100,1.0,0.0
endpoint,7,2,exact,98,1.0,0.0
endpoint,7,2,nonbipartite,2,0.8333333333333334,2.0
endpoint,7,3,exact,100,1.0,0.0
endpoint,7,4,exact,100,1.0,0.0
endpoint,8,0,exact,95,1.0,0.0
endpoint,8,0,unbalanced_bipartite,5,0.9375,1.0
endpoint,8,1,exact,99,1.0,0.0
endpoint,8,1,unbalanced_bipartite,1,0.9375,1.0
endpoint,8,2,exact,98,1.0,0.0
endpoint,8,2,nonbipartite,1,0.8125,3.0
endpoint,8,2,unbalanced_bipartite,1,0.9375,1.0
endpoint,8,3,exact,98,1.0,0.0
endpoint,8,3,unbalanced_bipartite,2,0.9375,1.0
endpoint,8,4,exact,97,1.0,0.0
endpoint,8,4,nonbipartite,1,0.75,4.0
endpoint,8,4,unbalanced_bipartite,2,0.9375,1.0
endpoint,9,0,exact,99,1.0,0.0
endpoint,9,0,nonbipartite,1,0.85,3.0
endpoint,9,1,exact,100,1.0,0.0
endpoint,9,2,exact,96,1.0,0.0
endpoint,9,2,nonbipartite,4,0.85,3.0
endpoint,9,3,exact,99,1.0,0.0
endpoint,9,3,nonbipartite,1,0.85,3.0
endpoint,9,4,exact,100,1.0,0.0
endpoint,10,0,exact,93,1.0,0.0
endpoint,10,0,nonbipartite,3,0.84,4.0
endpoint,10,0,unbalanced_bipartite,4,0.96,1.0
endpoint,10,1,exact,96,1.0,0.0
endpoint,10,1,nonbipartite,2,0.8200000000000001,4.5
endpoint,10,1,unbalanced_bipartite,2,0.96,1.0
endpoint,10,2,exact,98,1.0,0.0
endpoint,10,2,nonbipartite,2,0.8200000000000001,4.5
endpoint,10,3,exact,91,1.0,0.0
endpoint,10,3,nonbipartite,3,0.8266666666666667,4.333333333333333
endpoint,10,3,unbalanced_bipartite,6,0.96,1.0
endpoint,10,4,exact,89,1.0,0.0
endpoint,10,4,nonbipartite,2,0.84,4.0
endpoint,10,4,unbalanced_bipartite,9,0.9600000000000001,1.0
endpoint,11,0,exact,97,1.0,0.0
endpoint,11,0,nonbipartite,3,0.8666666666666667,4.0
endpoint,11,1,exact,100,1.0,0.0
endpoint,11,2,exact,96,1.0,0.0
endpoint,11,2,nonbipartite,4,0.8416666666666667,4.75
endpoint,11,3,exact,96,1.0,0.0
endpoint,11,3,nonbipartite,4,0.8500000000000001,4.5
endpoint,11,4,exact,98,1.0,0.0
endpoint,11,4,nonbipartite,2,0.8500000000000001,4.5
endpoint,12,0,exact,88,1.0,0.0
endpoint,12,0,nonbipartite,2,0.8333333333333334,6.0
endpoint,12,0,unbalanced_bipartite,10,0.9722222222222221,1.0
endpoint,12,1,exact,93,1.0,0.0
endpoint,12,1,nonbipartite,5,0.8055555555555556,7.0
endpoint,12,1,unbalanced_bipartite,2,0.9722222222222222,1.0
endpoint,12,2,exact,88,1.0,0.0
endpoint,12,2,nonbipartite,10,0.8527777777777779,5.3
endpoint,12,2,unbalanced_bipartite,2,0.9722222222222222,1.0
endpoint,12,3,exact,89,1.0,0.0
endpoint,12,3,nonbipartite,3,0.8425925925925926,5.666666666666667
endpoint,12,3,unbalanced_bipartite,8,0.9722222222222222,1.0
endpoint,12,4,exact,85,1.0,0.0
endpoint,12,4,nonbipartite,1,0.8333333333333334,6.0
endpoint,12,4,unbalanced_bipartite,14,0.9722222222222222,1.0
endpoint,13,0,exact,92,1.0,0.0
endpoint,13,0,nonbipartite,8,0.8571428571428571,6.0
endpoint,13,1,exact,94,1.0,0.0
endpoint,13,1,nonbipartite,6,0.8095238095238096,8.0
endpoint,13,2,exact,86,1.0,0.0
endpoint,13,2,nonbipartite,14,0.869047619047619,5.5
endpoint,13,3,exact,93,1.0,0.0
endpoint,13,3,nonbipartite,7,0.8299319727891156,7.142857142857143
endpoint,13,4,exact,95,1.0,0.0
endpoint,13,4,nonbipartite,5,0.8523809523809524,6.2
endpoint,14,0,exact,76,1.0,0.0
endpoint,14,0,nonbipartite,5,0.8571428571428571,7.0
endpoint,14,0,unbalanced_bipartite,19,0.9795918367346941,1.0
endpoint,14,1,exact,88,1.0,0.0
endpoint,14,1,nonbipartite,2,0.8265306122448979,8.5
endpoint,14,1,unbalanced_bipartite,10,0.9795918367346939,1.0
endpoint,14,2,exact,78,1.0,0.0
endpoint,14,2,nonbipartite,19,0.861439312567132,6.7894736842105265
endpoint,14,2,unbalanced_bipartite,3,0.979591836734694,1.0
endpoint,14,3,exact,84,1.0,0.0
endpoint,14,3,nonbipartite,6,0.8401360544217686,7.833333333333333
endpoint,14,3,unbalanced_bipartite,10,0.9795918367346939,1.0
endpoint,14,4,exact,83,1.0,0.0
endpoint,14,4,nonbipartite,4,0.846938775510204,7.5
endpoint,14,4,unbalanced_bipartite,13,0.979591836734694,1.0
endpoint,15,0,exact,89,1.0,0.0
endpoint,15,0,nonbipartite,9,0.876984126984127,6.888888888888889
endpoint,15,0,unbalanced_bipartite,2,0.9642857142857144,2.0
endpoint,15,1,exact,93,1.0,0.0
endpoint,15,1,nonbipartite,6,0.8154761904761904,10.333333333333334
endpoint,15,1,unbalanced_bipartite,1,0.9642857142857144,2.0
endpoint,15,2,exact,78,1.0,0.0
endpoint,15,2,nonbipartite,22,0.8693181818181818,7.318181818181818
endpoint,15,3,exact,90,1.0,0.0
endpoint,15,3,nonbipartite,10,0.8696428571428572,7.3
endpoint,15,4,exact,91,1.0,0.0
endpoint,15,4,nonbipartite,8,0.8459821428571428,8.625
endpoint,15,4,unbalanced_bipartite,1,0.9642857142857144,2.0
endpoint,16,0,exact,67,1.0,0.0
endpoint,16,0,nonbipartite,14,0.8794642857142857,7.714285714285714
endpoint,16,0,unbalanced_bipartite,19,0.984375,1.0
endpoint,16,1,exact,80,1.0,0.0
endpoint,16,1,nonbipartite,4,0.81640625,11.75
endpoint,16,1,unbalanced_bipartite,16,0.984375,1.0
endpoint,16,2,exact,73,1.0,0.0
endpoint,16,2,nonbipartite,20,0.865625,8.6
endpoint,16,2,unbalanced_bipartite,7,0.984375,1.0
endpoint,16,3,exact,70,1.0,0.0
endpoint,16,3,nonbipartite,14,0.8537946428571429,9.357142857142858
endpoint,16,3,unbalanced_bipartite,16,0.984375,1.0
endpoint,16,4,exact,75,1.0,0.0
endpoint,16,4,nonbipartite,9,0.8663194444444444,8.555555555555555
endpoint,16,4,unbalanced_bipartite,16,0.984375,1.0
endpoint,17,0,exact,86,1.0,0.0
endpoint,17,0,nonbipartite,10,0.9,7.2
endpoint,17,0,unbalanced_bipartite,4,0.9722222222222222,2.0
endpoint,17,1,exact,93,1.0,0.0
endpoint,17,1,nonbipartite,4,0.8159722222222222,13.25
endpoint,17,1,unbalanced_bipartite,3,0.9722222222222222,2.0
endpoint,17,2,exact,73,1.0,0.0
endpoint,17,2,nonbipartite,27,0.8595679012345678,10.11111111111111
endpoint,17,3,exact,88,1.0,0.0
endpoint,17,3,nonbipartite,10,0.8347222222222221,11.9
endpoint,17,3,unbalanced_bipartite,2,0.9722222222222222,2.0
endpoint,17,4,exact,84,1.0,0.0
endpoint,17,4,nonbipartite,16,0.8480902777777778,10.9375
endpoint,20,0,exact,53,1.0,0.0
endpoint,20,0,nonbipartite,28,0.8864285714285715,11.357142857142858
endpoint,20,0,unbalanced_bipartite,19,0.9899999999999999,1.0
endpoint,20,1,exact,65,1.0,0.0
endpoint,20,1,nonbipartite,18,0.8038888888888889,19.61111111111111
endpoint,20,1,unbalanced_bipartite,17,0.9899999999999999,1.0
endpoint,20,2,exact,53,1.0,0.0
endpoint,20,2,nonbipartite,41,0.8604878048780488,13.951219512195122
endpoint,20,2,unbalanced_bipartite,6,0.9899999999999999,1.0
endpoint,20,3,exact,55,1.0,0.0
endpoint,20,3,nonbipartite,25,0.8592,14.08
endpoint,20,3,unbalanced_bipartite,20,0.9884999999999999,1.15
endpoint,20,4,exact,54,1.0,0.0
endpoint,20,4,nonbipartite,20,0.8644999999999999,13.55
endpoint,20,4,unbalanced_bipartite,26,0.99,1.0
endpoint,23,0,exact,58,1.0,0.0
endpoint,23,0,nonbipartite,35,0.9008658008658009,13.085714285714285
endpoint,23,0,unbalanced_bipartite,7,0.9848484848484848,2.0
endpoint,23,1,exact,80,1.0,0.0
endpoint,23,1,nonbipartite,20,0.8064393939393939,25.55
endpoint,23,2,exact,53,1.0,0.0
endpoint,23,2,nonbipartite,47,0.8581560283687943,18.72340425531915
endpoint,23,3,exact,64,1.0,0.0
endpoint,23,3,nonbipartite,34,0.874108734402852,16.61764705882353
endpoint,23,3,unbalanced_bipartite,2,0.9848484848484848,2.0
endpoint,23,4,exact,74,1.0,0.0
endpoint,23,4,nonbipartite,25,0.8596969696969697,18.52
endpoint,23,4,unbalanced_bipartite,1,0.9848484848484848,2.0
endpoint,24,0,exact,29,1.0,0.0
endpoint,24,0,nonbipartite,39,0.8988603988603989,14.564102564102564
endpoint,24,0,unbalanced_bipartite,32,0.9930555555555556,1.0
endpoint,24,1,exact,57,1.0,0.0
endpoint,24,1,nonbipartite,17,0.8071895424836601,27.764705882352942
endpoint,24,1,unbalanced_bipartite,26,0.9930555555555556,1.0
endpoint,24,2,exact,43,1.0,0.0
endpoint,24,2,nonbipartite,56,0.8485863095238095,21.803571428571427
endpoint,24,2,unbalanced_bipartite,1,0.9930555555555556,1.0
endpoint,24,3,exact,40,1.0,0.0
endpoint,24,3,nonbipartite,40,0.8715277777777779,18.5
endpoint,24,3,unbalanced_bipartite,20,0.9930555555555556,1.0
endpoint,24,4,exact,42,1.0,0.0
endpoint,24,4,nonbipartite,38,0.8810307017543859,17.13157894736842
endpoint,24,4,unbalanced_bipartite,20,0.9909722222222224,1.3
endpoint,25,0,exact,53,1.0,0.0
endpoint,25,0,nonbipartite,35,0.8816849816849818,18.457142857142856
endpoint,25,0,unbalanced_bipartite,12,0.9871794871794872,2.0
endpoint,25,1,exact,68,1.0,0.0
endpoint,25,1,nonbipartite,29,0.8068081343943413,30.137931034482758
endpoint,25,1,unbalanced_bipartite,3,0.9871794871794872,2.0
endpoint,25,2,exact,47,1.0,0.0
endpoint,25,2,nonbipartite,53,0.8600628930817611,21.830188679245282
endpoint,25,3,exact,50,1.0,0.0
endpoint,25,3,nonbipartite,45,0.8743589743589744,19.6
endpoint,25,3,unbalanced_bipartite,5,0.9871794871794872,2.0
endpoint,25,4,exact,52,1.0,0.0
endpoint,25,4,nonbipartite,46,0.8805741360089187,18.630434782608695
endpoint,25,4,unbalanced_bipartite,2,0.9871794871794872,2.0
endpoint,30,0,exact,18,1.0,0.0
endpoint,30,0,nonbipartite,61,0.8941347905282332,23.81967213114754
endpoint,30,0,unbalanced_bipartite,21,0.9936507936507937,1.4285714285714286
endpoint,30,1,exact,43,1.0,0.0
endpoint,30,1,nonbipartite,33,0.8018855218855219,44.57575757575758
endpoint,30,1,unbalanced_bipartite,24,0.9955555555555556,1.0
endpoint,30,2,exact,22,1.0,0.0
endpoint,30,2,nonbipartite,72,0.8551234567901235,32.59722222222222
endpoint,30,2,unbalanced_bipartite,6,0.9955555555555556,1.0
endpoint,30,3,exact,24,1.0,0.0
endpoint,30,3,nonbipartite,58,0.8627586206896551,30.879310344827587
endpoint,30,3,unbalanced_bipartite,18,0.9948148148148148,1.1666666666666667
endpoint,30,4,exact,19,1.0,0.0
endpoint,30,4,nonbipartite,60,0.88,27.0
endpoint,30,4,unbalanced_bipartite,21,0.994920634920635,1.1428571428571428
endpoint,40,0,exact,2,1.0,0.0
endpoint,40,0,nonbipartite,91,0.8833241758241759,46.67032967032967
endpoint,40,0,unbalanced_bipartite,7,0.9964285714285716,1.4285714285714286
endpoint,40,1,exact,23,1.0,0.0
endpoint,40,1,nonbipartite,63,0.7929761904761905,82.80952380952381
endpoint,40,1,unbalanced_bipartite,14,0.9974999999999999,1.0
endpoint,40,2,exact,1,1.0,0.0
endpoint,40,2,nonbipartite,95,0.8292105263157895,68.3157894736842
endpoint,40,2,unbalanced_bipartite,4,0.9975,1.0
endpoint,40,3,exact,7,1.0,0.0
endpoint,40,3,nonbipartite,90,0.8635,54.6
endpoint,40,3,unbalanced_bipartite,3,0.9975,1.0
endpoint,40,4,exact,5,1.0,0.0
endpoint,40,4,nonbipartite,84,0.87,52.0
endpoint,40,4,unbalanced_bipartite,11,0.9915909090909092,3.3636363636363638
gnn,6,0,exact,100,1.0,0.0
gnn,6,1,exact,100,1.0,0.0
gnn,6,2,exact,100,1.0,0.0
gnn,6,3,exact,100,1.0,0.0
gnn,6,4,exact,100,1.0,0.0
gnn,7,0,exact,99,1.0,0.0
gnn,7,0,nonbipartite,1,0.8333333333333334,2.0
gnn,7,1,exact,100,1.0,0.0
gnn,7,2,exact,98,1.0,0.0
gnn,7,2,nonbipartite,2,0.8333333333333334,2.0
gnn,7,3,exact,100,1.0,0.0
gnn,7,4,exact,100,1.0,0.0
gnn,8,0,exact,100,1.0,0.0
gnn,8,1,exact,100,1.0,0.0
gnn,8,2,exact,100,1.0,0.0
gnn,8,3,exact,100,1.0,0.0
gnn,8,4,exact,100,1.0,0.0
gnn,9,0,exact,98,1.0,0.0
gnn,9,0,nonbipartite,2,0.85,3.0
gnn,9,1,exact,100,1.0,0.0
gnn,9,2,exact,96,1.0,0.0
gnn,9,2,nonbipartite,4,0.85,3.0
gnn,9,3,exact,100,1.0,0.0
gnn,9,4,exact,98,1.0,0.0
gnn,9,4,nonbipartite,2,0.85,3.0
gnn,10,0,exact,98,1.0,0.0
gnn,10,0,nonbipartite,2,0.84,4.0
gnn,10,1,exact,99,1.0,0.0
gnn,10,1,nonbipartite,1,0.84,4.0
gnn,10,2,exact,99,1.0,0.0
gnn,10,2,nonbipartite,1,0.84,4.0
gnn,10,3,exact,100,1.0,0.0
gnn,10,4,exact,99,1.0,0.0
gnn,10,4,nonbipartite,1,0.8,5.0
gnn,11,0,exact,93,1.0,0.0
gnn,11,0,nonbipartite,7,0.8619047619047618,4.142857142857143
gnn,11,1,exact,100,1.0,0.0
gnn,11,2,exact,95,1.0,0.0
gnn,11,2,nonbipartite,5,0.8533333333333333,4.4
gnn,11,3,exact,100,1.0,0.0
gnn,11,4,exact,95,1.0,0.0
gnn,11,4,nonbipartite,5,0.8533333333333333,4.4
gnn,12,0,exact,96,1.0,0.0
gnn,12,0,nonbipartite,3,0.8333333333333334,6.0
gnn,12,0,unbalanced_bipartite,1,0.9722222222222222,1.0
gnn,12,1,exact,99,1.0,0.0
gnn,12,1,nonbipartite,1,0.8611111111111112,5.0
gnn,12,2,exact,97,1.0,0.0
gnn,12,2,nonbipartite,3,0.8240740740740741,6.333333333333333
gnn,12,3,exact,97,1.0,0.0
gnn,12,3,nonbipartite,2,0.8055555555555556,7.0
gnn,12,3,unbalanced_bipartite,1,0.9722222222222222,1.0
gnn,12,4,exact,98,1.0,0.0
gnn,12,4,nonbipartite,2,0.8611111111111112,5.0
gnn,13,0,exact,92,1.0,0.0
gnn,13,0,nonbipartite,8,0.8511904761904762,6.25
gnn,13,1,exact,97,1.0,0.0
gnn,13,1,nonbipartite,3,0.873015873015873,5.333333333333333
gnn,13,2,exact,94,1.0,0.0
gnn,13,2,nonbipartite,6,0.8452380952380952,6.5
gnn,13,3,exact,96,1.0,0.0
gnn,13,3,nonbipartite,4,0.8511904761904762,6.25
gnn,13,4,exact,92,1.0,0.0
gnn,13,4,nonbipartite,8,0.8541666666666666,6.125
gnn,14,0,exact,93,1.0,0.0
gnn,14,0,nonbipartite,6,0.8537414965986394,7.166666666666667
gnn,14,0,unbalanced_bipartite,1,0.979591836734694,1.0
gnn,14,1,exact,96,1.0,0.0
gnn,14,1,nonbipartite,4,0.8775510204081632,6.0
gnn,14,2,exact,91,1.0,0.0
gnn,14,2,nonbipartite,8,0.8596938775510203,6.875
gnn,14,2,unbalanced_bipartite,1,0.979591836734694,1.0
gnn,14,3,exact,88,1.0,0.0
gnn,14,3,nonbipartite,7,0.8600583090379008,6.857142857142857
gnn,14,3,unbalanced_bipartite,5,0.9795918367346939,1.0
gnn,14,4,exact,95,1.0,0.0
gnn,14,4,nonbipartite,4,0.8367346938775511,8.0
gnn,14,4,unbalanced_bipartite,1,0.979591836734694,1.0
gnn,15,0,exact,83,1.0,0.0
gnn,15,0,nonbipartite,17,0.8665966386554622,7.470588235294118
gnn,15,1,exact,96,1.0,0.0
gnn,15,1,nonbipartite,4,0.8660714285714286,7.5
gnn,15,2,exact,83,1.0,0.0
gnn,15,2,nonbipartite,17,0.8792016806722689,6.764705882352941
gnn,15,3,exact,92,1.0,0.0
gnn,15,3,nonbipartite,8,0.8616071428571428,7.75
gnn,15,4,exact,89,1.0,0.0
gnn,15,4,nonbipartite,11,0.8457792207792209,8.636363636363637
gnn,16,0,exact,76,1.0,0.0
gnn,16,0,nonbipartite,22,0.8536931818181818,9.363636363636363
gnn,16,0,unbalanced_bipartite,2,0.984375,1.0
gnn,16,1,exact,91,1.0,0.0
gnn,16,1,nonbipartite,9,0.8576388888888888,9.11111111111111
gnn,16,2,exact,91,1.0,0.0
gnn,16,2,nonbipartite,9,0.859375,9.0
gnn,16,3,exact,74,1.0,0.0
gnn,16,3,nonbipartite,21,0.8452380952380952,9.904761904761905
gnn,16,3,unbalanced_bipartite,5,0.984375,1.0
gnn,16,4,exact,92,1.0,0.0
gnn,16,4,nonbipartite,8,0.837890625,10.375
gnn,17,0,exact,70,1.0,0.0
gnn,17,0,nonbipartite,30,0.8680555555555556,9.5
gnn,17,1,exact,88,1.0,0.0
gnn,17,1,nonbipartite,12,0.8842592592592592,8.333333333333334
gnn,17,2,exact,74,1.0,0.0
gnn,17,2,nonbipartite,26,0.8723290598290598,9.192307692307692
gnn,17,3,exact,85,1.0,0.0
gnn,17,3,nonbipartite,15,0.8629629629629629,9.866666666666667
gnn,17,4,exact,85,1.0,0.0
gnn,17,4,nonbipartite,15,0.8518518518518519,10.666666666666666
gnn,20,0,exact,56,1.0,0.0
gnn,20,0,nonbipartite,40,0.8627499999999999,13.725
gnn,20,0,unbalanced_bipartite,4,0.99,1.0
gnn,20,1,exact,80,1.0,0.0
gnn,20,1,nonbipartite,17,0.8776470588235294,12.235294117647058
gnn,20,1,unbalanced_bipartite,3,0.9899999999999999,1.0
gnn,20,2,exact,64,1.0,0.0
gnn,20,2,nonbipartite,36,0.8711111111111111,12.88888888888889
gnn,20,3,exact,65,1.0,0.0
gnn,20,3,nonbipartite,31,0.8461290322580646,15.387096774193548
gnn,20,3,unbalanced_bipartite,4,0.99,1.0
gnn,20,4,exact,74,1.0,0.0
gnn,20,4,nonbipartite,21,0.850952380952381,14.904761904761905
gnn,20,4,unbalanced_bipartite,5,0.99,1.0
gnn,23,0,exact,46,1.0,0.0
gnn,23,0,nonbipartite,54,0.8602693602693603,18.444444444444443
gnn,23,1,exact,65,1.0,0.0
gnn,23,1,nonbipartite,35,0.8777056277056277,16.142857142857142
gnn,23,2,exact,42,1.0,0.0
gnn,23,2,nonbipartite,58,0.8693834900731452,17.24137931034483
gnn,23,3,exact,64,1.0,0.0
gnn,23,3,nonbipartite,36,0.8651094276094277,17.805555555555557
gnn,23,4,exact,77,1.0,0.0
gnn,23,4,nonbipartite,23,0.855072463768116,19.130434782608695
gnn,24,0,exact,32,1.0,0.0
gnn,24,0,nonbipartite,65,0.851068376068376,21.446153846153845
gnn,24,0,unbalanced_bipartite,3,0.9930555555555557,1.0
gnn,24,1,exact,64,1.0,0.0
gnn,24,1,nonbipartite,34,0.8821486928104576,16.970588235294116
gnn,24,1,unbalanced_bipartite,2,0.9930555555555556,1.0
gnn,24,2,exact,40,1.0,0.0
gnn,24,2,nonbipartite,58,0.8698515325670498,18.74137931034483
gnn,24,2,unbalanced_bipartite,2,0.9930555555555556,1.0
gnn,24,3,exact,38,1.0,0.0
gnn,24,3,nonbipartite,56,0.8473462301587302,21.982142857142858
gnn,24,3,unbalanced_bipartite,6,0.9930555555555557,1.0
gnn,24,4,exact,65,1.0,0.0
gnn,24,4,nonbipartite,30,0.8553240740740741,20.833333333333332
gnn,24,4,unbalanced_bipartite,5,0.9930555555555556,1.0
gnn,25,0,exact,34,1.0,0.0
gnn,25,0,nonbipartite,66,0.8602369852369853,21.803030303030305
gnn,25,1,exact,60,1.0,0.0
gnn,25,1,nonbipartite,40,0.8806089743589745,18.625
gnn,25,2,exact,29,1.0,0.0
gnn,25,2,nonbipartite,71,0.8771217045864934,19.169014084507044
gnn,25,3,exact,50,1.0,0.0
gnn,25,3,nonbipartite,50,0.8606410256410257,21.74
gnn,25,4,exact,69,1.0,0.0
gnn,25,4,nonbipartite,31,0.857940446650124,22.161290322580644
gnn,30,0,exact,10,1.0,0.0
gnn,30,0,nonbipartite,85,0.842248366013072,35.49411764705882
gnn,30,0,unbalanced_bipartite,5,0.9955555555555555,1.0
gnn,30,1,exact,35,1.0,0.0
gnn,30,1,nonbipartite,64,0.8811111111111111,26.75
gnn,30,1,unbalanced_bipartite,1,0.9955555555555556,1.0
gnn,30,2,exact,21,1.0,0.0
gnn,30,2,nonbipartite,78,0.8533333333333334,33.0
gnn,30,2,unbalanced_bipartite,1,0.9955555555555556,1.0
gnn,30,3,exact,20,1.0,0.0
gnn,30,3,nonbipartite,75,0.8531555555555556,33.04
gnn,30,3,unbalanced_bipartite,5,0.9955555555555555,1.0
gnn,30,4,exact,43,1.0,0.0
gnn,30,4,nonbipartite,40,0.8333333333333334,37.5
gnn,30,4,unbalanced_bipartite,17,0.9955555555555557,1.0
gnn,40,0,exact,2,1.0,0.0
gnn,40,0,nonbipartite,98,0.7983418367346938,80.66326530612245
gnn,40,1,exact,12,1.0,0.0
gnn,40,1,nonbipartite,87,0.8486206896551723,60.55172413793103
gnn,40,1,unbalanced_bipartite,1,0.9975,1.0
gnn,40,2,exact,7,1.0,0.0
gnn,40,2,nonbipartite,93,0.819489247311828,72.20430107526882
gnn,40,3,exact,6,1.0,0.0
gnn,40,3,nonbipartite,93,0.8234139784946236,70.63440860215054
gnn,40,3,unbalanced_bipartite,1,0.9975,1.0
gnn,40,4,exact,29,1.0,0.0
gnn,40,4,nonbipartite,62,0.8177016129032257,72.91935483870968
gnn,40,4,unbalanced_bipartite,9,0.9975,1.0
least_degree,6,0,exact,96,1.0,0.0
least_degree,6,0,nonbipartite,4,0.7777777777777778,2.0
least_degree,6,1,exact,96,1.0,0.0
least_degree,6,1,nonbipartite,4,0.7777777777777778,2.0
least_degree,6,2,exact,94,1.0,0.0
least_degree,6,2,nonbipartite,6,0.7777777777777778,2.0
least_degree,6,3,exact,95,1.0,0.0
least_degree,6,3,nonbipartite,5,0.7777777777777778,2.0
least_degree,6,4,exact,92,1.0,0.0
least_degree,6,4,nonbipartite,8,0.7777777777777778,2.0
least_degree,7,0,exact,6,1.0,0.0
least_degree,7,0,nonbipartite,94,0.8333333333333335,2.0
least_degree,7,1,exact,3,1.0,0.0
least_degree,7,1,nonbipartite,97,0.8333333333333335,2.0
least_degree,7,2,exact,1,1.0,0.0
least_degree,7,2,nonbipartite,99,0.8333333333333334,2.0
least_degree,7,3,exact,3,1.0,0.0
least_degree,7,3,nonbipartite,97,0.8333333333333335,2.0
least_degree,7,4,exact,2,1.0,0.0
least_degree,7,4,nonbipartite,98,0.8333333333333334,2.0
least_degree,8,0,exact,37,1.0,0.0
least_degree,8,0,nonbipartite,63,0.7619047619047619,3.8095238095238093
least_degree,8,1,exact,30,1.0,0.0
least_degree,8,1,nonbipartite,70,0.7633928571428571,3.7857142857142856
least_degree,8,2,exact,34,1.0,0.0
least_degree,8,2,nonbipartite,66,0.7689393939393939,3.696969696969697
least_degree,8,3,exact,37,1.0,0.0
least_degree,8,3,nonbipartite,63,0.7748015873015873,3.6031746031746033
least_degree,8,4,exact,41,1.0,0.0
least_degree,8,4,nonbipartite,59,0.7680084745762712,3.711864406779661
least_degree,9,0,nonbipartite,100,0.8205,3.59
least_degree,9,1,nonbipartite,100,0.8284999999999999,3.43
least_degree,9,2,nonbipartite,100,0.8155,3.69
least_degree,9,3,nonbipartite,100,0.8275,3.45
least_degree,9,4,nonbipartite,100,0.8255,3.49
least_degree,10,0,exact,23,1.0,0.0
least_degree,10,0,nonbipartite,77,0.772987012987013,5.675324675324675
least_degree,10,1,exact,26,1.0,0.0
least_degree,10,1,nonbipartite,74,0.7605405405405405,5.986486486486487
least_degree,10,2,exact,22,1.0,0.0
least_degree,10,2,nonbipartite,78,0.7692307692307693,5.769230769230769
least_degree,10,3,exact,11,1.0,0.0
least_degree,10,3,nonbipartite,89,0.7734831460674157,5.662921348314606
least_degree,10,4,exact,9,1.0,0.0
least_degree,10,4,nonbipartite,91,0.767032967032967,5.824175824175824
least_degree,11,0,nonbipartite,100,0.7843333333333333,6.47
least_degree,11,1,nonbipartite,100,0.7909999999999999,6.27
least_degree,11,2,nonbipartite,100,0.7926666666666666,6.22
least_degree,11,3,nonbipartite,100,0.7876666666666666,6.37
least_degree,11,4,nonbipartite,100,0.7803333333333333,6.59
least_degree,12,0,exact,7,1.0,0.0
least_degree,12,0,nonbipartite,93,0.7538829151732378,8.86021505376344
least_degree,12,1,exact,6,1.0,0.0
least_degree,12,1,nonbipartite,94,0.7567966903073285,8.75531914893617
least_degree,12,2,exact,5,1.0,0.0
least_degree,12,2,nonbipartite,95,0.7549707602339182,8.821052631578947
least_degree,12,3,exact,5,1.0,0.0
least_degree,12,3,nonbipartite,95,0.7567251461988304,8.757894736842106
least_degree,12,4,exact,1,1.0,0.0
least_degree,12,4,nonbipartite,99,0.7522446689113357,8.919191919191919
least_degree,13,0,nonbipartite,100,0.7378571428571429,11.01
least_degree,13,1,nonbipartite,100,0.7473809523809524,10.61
least_degree,13,2,nonbipartite,100,0.745952380952381,10.67
least_degree,13,3,nonbipartite,100,0.7442857142857143,10.74
least_degree,13,4,nonbipartite,100,0.7519047619047619,10.42
least_degree,14,0,exact,2,1.0,0.0
least_degree,14,0,nonbipartite,98,0.7251145356101625,13.46938775510204
least_degree,14,1,exact,2,1.0,0.0
least_degree,14,1,nonbipartite,98,0.7296959600166597,13.244897959183673
least_degree,14,2,exact,2,1.0,0.0
least_degree,14,2,nonbipartite,98,0.7205331112036651,13.693877551020408
least_degree,14,3,exact,1,1.0,0.0
least_degree,14,3,nonbipartite,99,0.7274788703360131,13.353535353535353
least_degree,14,4,nonbipartite,100,0.7448979591836735,12.5
least_degree,15,0,nonbipartite,100,0.7176785714285714,15.81
least_degree,15,1,nonbipartite,100,0.7108928571428571,16.19
least_degree,15,2,nonbipartite,100,0.7289285714285714,15.18
least_degree,15,3,nonbipartite,100,0.7264285714285714,15.32
least_degree,15,4,nonbipartite,100,0.7105357142857143,16.21
least_degree,16,0,nonbipartite,100,0.6975,19.36
least_degree,16,1,exact,1,1.0,0.0
least_degree,16,1,nonbipartite,99,0.7013888888888888,19.11111111111111
least_degree,16,2,nonbipartite,100,0.70109375,19.13
least_degree,16,3,nonbipartite,100,0.699375,19.24
least_degree,16,4,nonbipartite,100,0.6990625,19.26
least_degree,17,0,nonbipartite,100,0.6890277777777777,22.39
least_degree,17,1,nonbipartite,100,0.6880555555555555,22.46
least_degree,17,2,nonbipartite,100,0.6972222222222223,21.8
least_degree,17,3,nonbipartite,100,0.69625,21.87
least_degree,17,4,nonbipartite,100,0.6847222222222222,22.7
least_degree,20,0,nonbipartite,100,0.6479,35.21
least_degree,20,1,nonbipartite,100,0.6509999999999999,34.9
least_degree,20,2,nonbipartite,100,0.649,35.1
least_degree,20,3,nonbipartite,100,0.6557999999999999,34.42
least_degree,20,4,nonbipartite,100,0.6517000000000001,34.83
least_degree,23,0,nonbipartite,100,0.6292424242424243,48.94
least_degree,23,1,nonbipartite,100,0.6268181818181818,49.26
least_degree,23,2,nonbipartite,100,0.6271212121212121,49.22
least_degree,23,3,nonbipartite,100,0.6216666666666666,49.94
least_degree,23,4,nonbipartite,100,0.6183333333333334,50.38
least_degree,24,0,nonbipartite,100,0.6172222222222222,55.12
least_degree,24,1,nonbipartite,100,0.6196527777777778,54.77
least_degree,24,2,nonbipartite,100,0.6129861111111111,55.73
least_degree,24,3,nonbipartite,100,0.614375,55.53
least_degree,24,4,nonbipartite,100,0.611875,55.89
least_degree,25,0,nonbipartite,100,0.6098717948717949,60.86
least_degree,25,1,nonbipartite,100,0.6154487179487179,59.99
least_degree,25,2,nonbipartite,100,0.6080769230769231,61.14
least_degree,25,3,nonbipartite,100,0.615,60.06
least_degree,25,4,nonbipartite,100,0.611474358974359,60.61
least_degree,30,0,nonbipartite,100,0.5690222222222222,96.97
least_degree,30,1,nonbipartite,100,0.5748,95.67
least_degree,30,2,nonbipartite,100,0.5722666666666667,96.24
least_degree,30,3,nonbipartite,100,0.5755111111111111,95.51
least_degree,30,4,nonbipartite,100,0.5725333333333333,96.18
least_degree,40,0,nonbipartite,100,0.519775,192.09
least_degree,40,1,nonbipartite,100,0.5182,192.72
least_degree,40,2,nonbipartite,100,0.5191250000000001,192.35
least_degree,40,3,nonbipartite,100,0.5225,191.0
least_degree,40,4,nonbipartite,100,0.5199750000000001,192.01
lookahead,6,0,exact,100,1.0,0.0
lookahead,6,1,exact,100,1.0,0.0
lookahead,6,2,exact,100,1.0,0.0
lookahead,6,3,exact,100,1.0,0.0
lookahead,6,4,exact,100,1.0,0.0
lookahead,7,0,exact,100,1.0,0.0
lookahead,7,1,exact,100,1.0,0.0
lookahead,7,2,exact,100,1.0,0.0
lookahead,7,3,exact,100,1.0,0.0
lookahead,7,4,exact,100,1.0,0.0
lookahead,8,0,exact,100,1.0,0.0
lookahead,8,1,exact,100,1.0,0.0
lookahead,8,2,exact,100,1.0,0.0
lookahead,8,3,exact,100,1.0,0.0
lookahead,8,4,exact,100,1.0,0.0
lookahead,9,0,exact,100,1.0,0.0
lookahead,9,1,exact,100,1.0,0.0
lookahead,9,2,exact,100,1.0,0.0
lookahead,9,3,exact,100,1.0,0.0
lookahead,9,4,exact,100,1.0,0.0
lookahead,10,0,exact,100,1.0,0.0
lookahead,10,1,exact,100,1.0,0.0
lookahead,10,2,exact,100,1.0,0.0
lookahead,10,3,exact,100,1.0,0.0
lookahead,10,4,exact,100,1.0,0.0
lookahead,11,0,exact,100,1.0,0.0
lookahead,11,1,exact,100,1.0,0.0
lookahead,11,2,exact,100,1.0,0.0
lookahead,11,3,exact,100,1.0,0.0
lookahead,11,4,exact,100,1.0,0.0
lookahead,12,0,exact,100,1.0,0.0
lookahead,12,1,exact,100,1.0,0.0
lookahead,12,2,exact,100,1.0,0.0
lookahead,12,3,exact,100,1.0,0.0
lookahead,12,4,exact,100,1.0,0.0
lookahead,13,0,exact,100,1.0,0.0
lookahead,13,1,exact,100,1.0,0.0
lookahead,13,2,exact,100,1.0,0.0
lookahead,13,3,exact,100,1.0,0.0
lookahead,13,4,exact,100,1.0,0.0
lookahead,14,0,exact,100,1.0,0.0
lookahead,14,1,exact,100,1.0,0.0
lookahead,14,2,exact,100,1.0,0.0
lookahead,14,3,exact,100,1.0,0.0
lookahead,14,4,exact,100,1.0,0.0
lookahead,15,0,exact,100,1.0,0.0
lookahead,15,1,exact,100,1.0,0.0
lookahead,15,2,exact,100,1.0,0.0
lookahead,15,3,exact,100,1.0,0.0
lookahead,15,4,exact,100,1.0,0.0
lookahead,16,0,exact,100,1.0,0.0
lookahead,16,1,exact,100,1.0,0.0
lookahead,16,2,exact,100,1.0,0.0
lookahead,16,3,exact,100,1.0,0.0
lookahead,16,4,exact,100,1.0,0.0
lookahead,17,0,exact,100,1.0,0.0
lookahead,17,1,exact,100,1.0,0.0
lookahead,17,2,exact,100,1.0,0.0
lookahead,17,3,exact,100,1.0,0.0
lookahead,17,4,exact,100,1.0,0.0
lookahead,20,0,exact,100,1.0,0.0
lookahead,20,1,exact,100,1.0,0.0
lookahead,20,2,exact,100,1.0,0.0
lookahead,20,3,exact,100,1.0,0.0
lookahead,20,4,exact,100,1.0,0.0
lookahead,23,0,exact,100,1.0,0.0
lookahead,23,1,exact,100,1.0,0.0
lookahead,23,2,exact,100,1.0,0.0
lookahead,23,3,exact,100,1.0,0.0
lookahead,23,4,exact,100,1.0,0.0
lookahead,24,0,exact,100,1.0,0.0
lookahead,24,1,exact,100,1.0,0.0
lookahead,24,2,exact,100,1.0,0.0
lookahead,24,3,exact,100,1.0,0.0
lookahead,24,4,exact,100,1.0,0.0
lookahead,25,0,exact,100,1.0,0.0
lookahead,25,1,exact,100,1.0,0.0
lookahead,25,2,exact,100,1.0,0.0
lookahead,25,3,exact,100,1.0,0.0
lookahead,25,4,exact,100,1.0,0.0
lookahead,30,0,exact,100,1.0,0.0
lookahead,30,1,exact,100,1.0,0.0
lookahead,30,2,exact,100,1.0,0.0
lookahead,30,3,exact,100,1.0,0.0
lookahead,30,4,exact,100,1.0,0.0
lookahead,40,0,exact,100,1.0,0.0
lookahead,40,1,exact,100,1.0,0.0
lookahead,40,2,exact,100,1.0,0.0
lookahead,40,3,exact,100,1.0,0.0
lookahead,40,4,exact,100,1.0,0.0
mlp,6,0,exact,93,1.0,0.0
mlp,6,0,unbalanced_bipartite,7,0.8888888888888887,1.0
mlp,6,1,exact,92,1.0,0.0
mlp,6,1,unbalanced_bipartite,8,0.8888888888888888,1.0
mlp,6,2,exact,92,1.0,0.0
mlp,6,2,nonbipartite,1,0.7777777777777778,2.0
mlp,6,2,unbalanced_bipartite,7,0.8888888888888887,1.0
mlp,6,3,exact,86,1.0,0.0
mlp,6,3,nonbipartite,1,0.7777777777777778,2.0
mlp,6,3,unbalanced_bipartite,13,0.8888888888888888,1.0
mlp,6,4,exact,85,1.0,0.0
mlp,6,4,unbalanced_bipartite,15,0.8888888888888888,1.0
mlp,7,0,exact,100,1.0,0.0
mlp,7,1,exact,96,1.0,0.0
mlp,7,1,nonbipartite,4,0.8333333333333334,2.0
mlp,7,2,exact,98,1.0,0.0
mlp,7,2,nonbipartite,2,0.7916666666666667,2.5
mlp,7,3,exact,100,1.0,0.0
mlp,7,4,exact,98,1.0,0.0
mlp,7,4,nonbipartite,2,0.8333333333333334,2.0
mlp,8,0,exact,84,1.0,0.0
mlp,8,0,nonbipartite,3,0.8125,3.0
mlp,8,0,unbalanced_bipartite,13,0.9375,1.0
mlp,8,1,exact,84,1.0,0.0
mlp,8,1,nonbipartite,4,0.8125,3.0
mlp,8,1,unbalanced_bipartite,12,0.9375,1.0
mlp,8,2,exact,81,1.0,0.0
mlp,8,2,nonbipartite,3,0.7708333333333334,3.6666666666666665
mlp,8,2,unbalanced_bipartite,16,0.9375,1.0
mlp,8,3,exact,73,1.0,0.0
mlp,8,3,nonbipartite,5,0.8,3.2
mlp,8,3,unbalanced_bipartite,22,0.9375,1.0
mlp,8,4,exact,75,1.0,0.0
mlp,8,4,nonbipartite,2,0.8125,3.0
mlp,8,4,unbalanced_bipartite,23,0.9375,1.0
mlp,9,0,exact,93,1.0,0.0
mlp,9,0,nonbipartite,6,0.8416666666666667,3.1666666666666665
mlp,9,0,unbalanced_bipartite,1,0.9,2.0
mlp,9,1,exact,97,1.0,0.0
mlp,9,1,nonbipartite,3,0.85,3.0
mlp,9,2,exact,97,1.0,0.0
mlp,9,2,nonbipartite,1,0.8,4.0
mlp,9,2,unbalanced_bipartite,2,0.9,2.0
mlp,9,3,exact,96,1.0,0.0
mlp,9,3,nonbipartite,4,0.825,3.5
mlp,9,4,exact,96,1.0,0.0
mlp,9,4,nonbipartite,3,0.8333333333333334,3.3333333333333335
mlp,9,4,unbalanced_bipartite,1,0.9,2.0
mlp,10,0,exact,81,1.0,0.0
mlp,10,0,nonbipartite,6,0.8266666666666667,4.333333333333333
mlp,10,0,unbalanced_bipartite,13,0.9600000000000001,1.0
mlp,10,1,exact,71,1.0,0.0
mlp,10,1,nonbipartite,4,0.8200000000000001,4.5
mlp,10,1,unbalanced_bipartite,25,0.96,1.0
mlp,10,2,exact,70,1.0,0.0
mlp,10,2,nonbipartite,9,0.8222222222222223,4.444444444444445
mlp,10,2,unbalanced_bipartite,21,0.96,1.0
mlp,10,3,exact,75,1.0,0.0
mlp,10,3,nonbipartite,3,0.8266666666666667,4.333333333333333
mlp,10,3,unbalanced_bipartite,22,0.9599999999999999,1.0
mlp,10,4,exact,67,1.0,0.0
mlp,10,4,nonbipartite,7,0.8342857142857143,4.142857142857143
mlp,10,4,unbalanced_bipartite,26,0.9553846153846154,1.1153846153846154
mlp,11,0,exact,92,1.0,0.0
mlp,11,0,nonbipartite,8,0.8416666666666667,4.75
mlp,11,1,exact,88,1.0,0.0
mlp,11,1,nonbipartite,8,0.8541666666666667,4.375
mlp,11,1,unbalanced_bipartite,4,0.9333333333333332,2.0
mlp,11,2,exact,85,1.0,0.0
mlp,11,2,nonbipartite,9,0.8444444444444446,4.666666666666667
mlp,11,2,unbalanced_bipartite,6,0.9333333333333332,2.0
mlp,11,3,exact,92,1.0,0.0
mlp,11,3,nonbipartite,5,0.8400000000000001,4.8
mlp,11,3,unbalanced_bipartite,3,0.9333333333333332,2.0
mlp,11,4,exact,86,1.0,0.0
mlp,11,4,nonbipartite,9,0.8444444444444446,4.666666666666667
mlp,11,4,unbalanced_bipartite,5,0.9333333333333332,2.0
mlp,12,0,exact,68,1.0,0.0
mlp,12,0,nonbipartite,10,0.8222222222222223,6.4
mlp,12,0,unbalanced_bipartite,22,0.9722222222222222,1.0
mlp,12,1,exact,58,1.0,0.0
mlp,12,1,nonbipartite,14,0.8472222222222223,5.5
mlp,12,1,unbalanced_bipartite,28,0.9722222222222222,1.0
mlp,12,2,exact,62,1.0,0.0
mlp,12,2,nonbipartite,11,0.8459595959595959,5.545454545454546
mlp,12,2,unbalanced_bipartite,27,0.9722222222222222,1.0
mlp,12,3,exact,58,1.0,0.0
mlp,12,3,nonbipartite,10,0.8388888888888889,5.8
mlp,12,3,unbalanced_bipartite,32,0.9722222222222222,1.0
mlp,12,4,exact,53,1.0,0.0
mlp,12,4,nonbipartite,6,0.8472222222222223,5.5
mlp,12,4,unbalanced_bipartite,41,0.9722222222222221,1.0
mlp,13,0,exact,82,1.0,0.0
mlp,13,0,nonbipartite,11,0.8571428571428572,6.0
mlp,13,0,unbalanced_bipartite,7,0.9523809523809524,2.0
mlp,13,1,exact,77,1.0,0.0
mlp,13,1,nonbipartite,15,0.8507936507936508,6.266666666666667
mlp,13,1,unbalanced_bipartite,8,0.9523809523809524,2.0
mlp,13,2,exact,79,1.0,0.0
mlp,13,2,nonbipartite,18,0.8492063492063492,6.333333333333333
mlp,13,2,unbalanced_bipartite,3,0.9523809523809524,2.0
mlp,13,3,exact,81,1.0,0.0
mlp,13,3,nonbipartite,16,0.8586309523809523,5.9375
mlp,13,3,unbalanced_bipartite,3,0.9523809523809524,2.0
mlp,13,4,exact,83,1.0,0.0
mlp,13,4,nonbipartite,11,0.8398268398268397,6.7272727272727275
mlp,13,4,unbalanced_bipartite,6,0.9523809523809524,2.0
mlp,14,0,exact,53,1.0,0.0
mlp,14,0,nonbipartite,20,0.8510204081632653,7.3
mlp,14,0,unbalanced_bipartite,27,0.979591836734694,1.0
mlp,14,1,exact,56,1.0,0.0
mlp,14,1,nonbipartite,23,0.8553682342502218,7.086956521739131
mlp,14,1,unbalanced_bipartite,21,0.979591836734694,1.0
mlp,14,2,exact,52,1.0,0.0
mlp,14,2,nonbipartite,21,0.8532555879494655,7.190476190476191
mlp,14,2,unbalanced_bipartite,27,0.9773242630385489,1.1111111111111112
mlp,14,3,exact,51,1.0,0.0
mlp,14,3,nonbipartite,14,0.8571428571428571,7.0
mlp,14,3,unbalanced_bipartite,35,0.9795918367346941,1.0
mlp,14,4,exact,52,1.0,0.0
mlp,14,4,nonbipartite,11,0.8515769944341373,7.2727272727272725
mlp,14,4,unbalanced_bipartite,37,0.9779371207942636,1.0810810810810811
mlp,15,0,exact,69,1.0,0.0
mlp,15,0,nonbipartite,30,0.8726190476190477,7.133333333333334
mlp,15,0,unbalanced_bipartite,1,0.9642857142857144,2.0
mlp,15,1,exact,72,1.0,0.0
mlp,15,1,nonbipartite,24,0.8638392857142857,7.625
mlp,15,1,unbalanced_bipartite,4,0.9642857142857144,2.0
mlp,15,2,exact,67,1.0,0.0
mlp,15,2,nonbipartite,26,0.8605769230769231,7.8076923076923075
mlp,15,2,unbalanced_bipartite,7,0.9642857142857144,2.0
mlp,15,3,exact,70,1.0,0.0
mlp,15,3,nonbipartite,25,0.8628571428571429,7.68
mlp,15,3,unbalanced_bipartite,5,0.9642857142857144,2.0
mlp,15,4,exact,70,1.0,0.0
mlp,15,4,nonbipartite,19,0.8740601503759399,7.052631578947368
mlp,15,4,unbalanced_bipartite,11,0.9642857142857143,2.0
mlp,16,0,exact,44,1.0,0.0
mlp,16,0,nonbipartite,32,0.85986328125,8.96875
mlp,16,0,unbalanced_bipartite,24,0.982421875,1.125
mlp,16,1,exact,46,1.0,0.0
mlp,16,1,nonbipartite,33,0.8636363636363636,8.727272727272727
mlp,16,1,unbalanced_bipartite,21,0.984375,1.0
mlp,16,2,exact,41,1.0,0.0
mlp,16,2,nonbipartite,22,0.8508522727272727,9.545454545454545
mlp,16,2,unbalanced_bipartite,37,0.984375,1.0
mlp,16,3,exact,51,1.0,0.0
mlp,16,3,nonbipartite,22,0.8615056818181818,8.863636363636363
mlp,16,3,unbalanced_bipartite,27,0.9809027777777778,1.2222222222222223
mlp,16,4,exact,48,1.0,0.0
mlp,16,4,nonbipartite,19,0.8733552631578947,8.105263157894736
mlp,16,4,unbalanced_bipartite,33,0.9786931818181818,1.3636363636363635
mlp,17,0,exact,69,1.0,0.0
mlp,17,0,nonbipartite,26,0.8733974358974359,9.115384615384615
mlp,17,0,unbalanced_bipartite,5,0.9722222222222221,2.0
mlp,17,1,exact,61,1.0,0.0
mlp,17,1,nonbipartite,34,0.8611111111111112,10.0
mlp,17,1,unbalanced_bipartite,5,0.9722222222222221,2.0
mlp,17,2,exact,62,1.0,0.0
mlp,17,2,nonbipartite,32,0.8602430555555556,10.0625
mlp,17,2,unbalanced_bipartite,6,0.9722222222222222,2.0
mlp,17,3,exact,69,1.0,0.0
mlp,17,3,nonbipartite,29,0.8726053639846744,9.172413793103448
mlp,17,3,unbalanced_bipartite,2,0.9722222222222222,2.0
mlp,17,4,exact,58,1.0,0.0
mlp,17,4,nonbipartite,35,0.8662698412698412,9.628571428571428
mlp,17,4,unbalanced_bipartite,7,0.9722222222222222,2.0
mlp,20,0,exact,29,1.0,0.0
mlp,20,0,nonbipartite,47,0.8776595744680851,12.23404255319149
mlp,20,0,unbalanced_bipartite,24,0.98875,1.125
mlp,20,1,exact,33,1.0,0.0
mlp,20,1,nonbipartite,41,0.8748780487804877,12.512195121951219
mlp,20,1,unbalanced_bipartite,26,0.9888461538461539,1.1153846153846154
mlp,20,2,exact,31,1.0,0.0
mlp,20,2,nonbipartite,39,0.8741025641025642,12.58974358974359
mlp,20,2,unbalanced_bipartite,30,0.988,1.2
mlp,20,3,exact,23,1.0,0.0
mlp,20,3,nonbipartite,51,0.8727450980392156,12.72549019607843
mlp,20,3,unbalanced_bipartite,26,0.99,1.0
mlp,20,4,exact,30,1.0,0.0
mlp,20,4,nonbipartite,40,0.86725,13.275
mlp,20,4,unbalanced_bipartite,30,0.987,1.3
mlp,23,0,exact,33,1.0,0.0
mlp,23,0,nonbipartite,59,0.8784026707755521,16.050847457627118
mlp,23,0,unbalanced_bipartite,8,0.9848484848484848,2.0
mlp,23,1,exact,31,1.0,0.0
mlp,23,1,nonbipartite,62,0.8831867057673509,15.419354838709678
mlp,23,1,unbalanced_bipartite,7,0.9848484848484848,2.0
mlp,23,2,exact,33,1.0,0.0
mlp,23,2,nonbipartite,58,0.8696447230929989,17.20689655172414
mlp,23,2,unbalanced_bipartite,9,0.9848484848484849,2.0
mlp,23,3,exact,35,1.0,0.0
mlp,23,3,nonbipartite,59,0.8724961479198767,16.83050847457627
mlp,23,3,unbalanced_bipartite,6,0.9797979797979797,2.6666666666666665
mlp,23,4,exact,38,1.0,0.0
mlp,23,4,nonbipartite,55,0.8805785123966942,15.763636363636364
mlp,23,4,unbalanced_bipartite,7,0.9848484848484848,2.0
mlp,24,0,exact,20,1.0,0.0
mlp,24,0,nonbipartite,60,0.8668981481481481,19.166666666666668
mlp,24,0,unbalanced_bipartite,20,0.9930555555555556,1.0
mlp,24,1,exact,24,1.0,0.0
mlp,24,1,nonbipartite,55,0.8753787878787879,17.945454545454545
mlp,24,1,unbalanced_bipartite,21,0.9930555555555556,1.0
mlp,24,2,exact,25,1.0,0.0
mlp,24,2,nonbipartite,47,0.8531323877068557,21.148936170212767
mlp,24,2,unbalanced_bipartite,28,0.990079365079365,1.4285714285714286
mlp,24,3,exact,15,1.0,0.0
mlp,24,3,nonbipartite,72,0.8629436728395061,19.73611111111111
mlp,24,3,unbalanced_bipartite,13,0.9930555555555556,1.0
mlp,24,4,exact,16,1.0,0.0
mlp,24,4,nonbipartite,59,0.8742937853107345,18.10169491525424
mlp,24,4,unbalanced_bipartite,25,0.9930555555555556,1.0
random,6,0,exact,39,1.0,0.0
random,6,0,nonbipartite,31,0.7777777777777778,2.0
random,6,0,unbalanced_bipartite,30,0.8888888888888888,1.0
random,6,1,exact,50,1.0,0.0
random,6,1,nonbipartite,30,0.7777777777777778,2.0
random,6,1,unbalanced_bipartite,20,0.8722222222222221,1.15
random,6,2,exact,38,1.0,0.0
random,6,2,nonbipartite,34,0.7777777777777778,2.0
random,6,2,unbalanced_bipartite,28,0.8888888888888887,1.0
random,6,3,exact,37,1.0,0.0
random,6,3,nonbipartite,38,0.7777777777777778,2.0
random,6,3,unbalanced_bipartite,25,0.8888888888888888,1.0
random,6,4,exact,42,1.0,0.0
random,6,4,nonbipartite,35,0.7777777777777778,2.0
random,6,4,unbalanced_bipartite,23,0.8888888888888888,1.0
random,7,0,exact,59,1.0,0.0
random,7,0,nonbipartite,39,0.8076923076923077,2.3076923076923075
random,7,0,unbalanced_bipartite,2,0.8333333333333334,2.0
random,7,1,exact,47,1.0,0.0
random,7,1,nonbipartite,49,0.8112244897959183,2.2653061224489797
random,7,1,unbalanced_bipartite,4,0.8333333333333334,2.0
random,7,2,exact,42,1.0,0.0
random,7,2,nonbipartite,52,0.8076923076923077,2.3076923076923075
random,7,2,unbalanced_bipartite,6,0.8333333333333334,2.0
random,7,3,exact,35,1.0,0.0
random,7,3,nonbipartite,62,0.8051075268817205,2.338709677419355
random,7,3,unbalanced_bipartite,3,0.8333333333333334,2.0
random,7,4,exact,55,1.0,0.0
random,7,4,nonbipartite,42,0.8134920634920636,2.238095238095238
random,7,4,unbalanced_bipartite,3,0.8333333333333334,2.0
random,8,0,exact,13,1.0,0.0
random,8,0,nonbipartite,71,0.7913732394366197,3.3380281690140845
random,8,0,unbalanced_bipartite,16,0.92578125,1.1875
random,8,1,exact,21,1.0,0.0
random,8,1,nonbipartite,60,0.7916666666666666,3.3333333333333335
random,8,1,unbalanced_bipartite,19,0.9375,1.0
random,8,2,exact,26,1.0,0.0
random,8,2,nonbipartite,63,0.7906746031746031,3.3492063492063493
random,8,2,unbalanced_bipartite,11,0.9204545454545454,1.2727272727272727
random,8,3,exact,19,1.0,0.0
random,8,3,nonbipartite,63,0.7906746031746031,3.3492063492063493
random,8,3,unbalanced_bipartite,18,0.9375,1.0
random,8,4,exact,20,1.0,0.0
random,8,4,nonbipartite,55,0.803409090909091,3.1454545454545455
random,8,4,unbalanced_bipartite,25,0.9225,1.24
random,9,0,exact,19,1.0,0.0
random,9,0,nonbipartite,79,0.8006329113924051,3.9873417721518987
random,9,0,unbalanced_bipartite,2,0.9,2.0
random,9,1,exact,13,1.0,0.0
random,9,1,nonbipartite,86,0.8063953488372092,3.872093023255814
random,9,1,unbalanced_bipartite,1,0.9,2.0
random,9,2,exact,22,1.0,0.0
random,9,2,nonbipartite,77,0.8110389610389611,3.779220779220779
random,9,2,unbalanced_bipartite,1,0.9,2.0
random,9,3,exact,18,1.0,0.0
random,9,3,nonbipartite,81,0.8006172839506173,3.9876543209876543
random,9,3,unbalanced_bipartite,1,0.9,2.0
random,9,4,exact,26,1.0,0.0
random,9,4,nonbipartite,71,0.8098591549295775,3.8028169014084505
random,9,4,unbalanced_bipartite,3,0.9,2.0
random,10,0,exact,6,1.0,0.0
random,10,0,nonbipartite,84,0.7942857142857143,5.142857142857143
random,10,0,unbalanced_bipartite,10,0.9480000000000001,1.3
random,10,1,exact,5,1.0,0.0
random,10,1,nonbipartite,88,0.785,5.375
random,10,1,unbalanced_bipartite,7,0.9428571428571428,1.4285714285714286
random,10,2,exact,9,1.0,0.0
random,10,2,nonbipartite,81,0.7861728395061728,5.345679012345679
random,10,2,unbalanced_bipartite,10,0.96,1.0
random,10,3,exact,9,1.0,0.0
random,10,3,nonbipartite,86,0.7809302325581395,5.476744186046512
random,10,3,unbalanced_bipartite,5,0.96,1.0
random,10,4,exact,6,1.0,0.0
random,10,4,nonbipartite,90,0.7946666666666666,5.133333333333334
random,10,4,unbalanced_bipartite,4,0.96,1.0
random,11,0,exact,4,1.0,0.0
random,11,0,nonbipartite,94,0.7847517730496454,6.457446808510638
random,11,0,unbalanced_bipartite,2,0.9333333333333332,2.0
random,11,1,exact,3,1.0,0.0
random,11,1,nonbipartite,96,0.7767361111111111,6.697916666666667
random,11,1,unbalanced_bipartite,1,0.9333333333333332,2.0
random,11,2,exact,4,1.0,0.0
random,11,2,nonbipartite,95,0.7764912280701755,6.705263157894737
random,11,2,unbalanced_bipartite,1,0.9333333333333332,2.0
random,11,3,exact,3,1.0,0.0
random,11,3,nonbipartite,97,0.7835051546391752,6.494845360824742
random,11,4,exact,4,1.0,0.0
random,11,4,nonbipartite,95,0.7856140350877193,6.431578947368421
random,11,4,unbalanced_bipartite,1,0.9333333333333332,2.0
random,12,0,nonbipartite,98,0.7650226757369615,8.459183673469388
random,12,0,unbalanced_bipartite,2,0.9722222222222222,1.0
random,12,1,exact,1,1.0,0.0
random,12,1,nonbipartite,93,0.7580645161290323,8.709677419354838
random,12,1,unbalanced_bipartite,6,0.9583333333333334,1.5
random,12,2,exact,2,1.0,0.0
random,12,2,nonbipartite,98,0.7579365079365079,8.714285714285714
random,12,3,exact,4,1.0,0.0
random,12,3,nonbipartite,93,0.7616487455197132,8.580645161290322
random,12,3,unbalanced_bipartite,3,0.9444444444444443,2.0
random,12,4,exact,1,1.0,0.0
random,12,4,nonbipartite,96,0.7676504629629629,8.364583333333334
random,12,4,unbalanced_bipartite,3,0.9722222222222222,1.0
random,13,0,exact,3,1.0,0.0
random,13,0,nonbipartite,97,0.7604320078546882,10.061855670103093
random,13,1,exact,2,1.0,0.0
random,13,1,nonbipartite,98,0.7575315840621963,10.183673469387756
random,13,2,exact,1,1.0,0.0
random,13,2,nonbipartite,99,0.7554112554112554,10.272727272727273
random,13,3,exact,2,1.0,0.0
random,13,3,nonbipartite,98,0.7640913508260447,9.908163265306122
random,13,4,exact,2,1.0,0.0
random,13,4,nonbipartite,98,0.7701652089407192,9.653061224489797
random,14,0,nonbipartite,98,0.7409412744689713,12.693877551020408
random,14,0,unbalanced_bipartite,2,0.979591836734694,1.0
random,14,1,nonbipartite,100,0.7377551020408163,12.85
random,14,2,exact,1,1.0,0.0
random,14,2,nonbipartite,93,0.7452271231073074,12.483870967741936
random,14,2,unbalanced_bipartite,6,0.969387755102041,1.5
random,14,3,nonbipartite,100,0.7357142857142857,12.95
random,14,4,nonbipartite,99,0.735518449804164,12.95959595959596
random,14,4,unbalanced_bipartite,1,0.979591836734694,1.0
random,15,0,nonbipartite,100,0.7255357142857143,15.37
random,15,1,exact,1,1.0,0.0
random,15,1,nonbipartite,99,0.7368326118326118,14.737373737373737
random,15,2,nonbipartite,100,0.7310714285714286,15.06
random,15,3,nonbipartite,100,0.7326785714285714,14.97
random,15,4,exact,1,1.0,0.0
random,15,4,nonbipartite,99,0.7207792207792209,15.636363636363637
random,16,0,nonbipartite,100,0.725625,17.56
random,16,1,nonbipartite,100,0.71734375,18.09
random,16,2,nonbipartite,100,0.7184375,18.02
random,16,3,nonbipartite,100,0.7090625,18.62
random,16,4,nonbipartite,100,0.70765625,18.71
random,17,0,nonbipartite,100,0.7047222222222222,21.26
random,17,1,nonbipartite,100,0.6936111111111112,22.06
random,17,2,nonbipartite,100,0.6929166666666667,22.11
random,17,3,nonbipartite,100,0.7125,20.7
random,17,4,nonbipartite,100,0.7055555555555556,21.2
random,20,0,nonbipartite,100,0.6709999999999999,32.9
random,20,1,nonbipartite,100,0.6738,32.62
random,20,2,nonbipartite,100,0.6689,33.11
random,20,3,nonbipartite,100,0.6679,33.21
random,20,4,nonbipartite,100,0.6732,32.68
random,23,0,nonbipartite,100,0.6393939393939394,47.6
random,23,1,nonbipartite,100,0.643030303030303,47.12
random,23,2,nonbipartite,100,0.6377272727272727,47.82
random,23,3,nonbipartite,100,0.6422727272727273,47.22
random,23,4,nonbipartite,100,0.6445454545454545,46.92
random,24,0,nonbipartite,100,0.6233333333333334,54.24
random,24,1,nonbipartite,100,0.6297222222222222,53.32
random,24,2,nonbipartite,100,0.6302083333333334,53.25
random,24,3,nonbipartite,100,0.6284722222222222,53.5
random,24,4,nonbipartite,100,0.62375,54.18
random,25,0,nonbipartite,100,0.6249358974358974,58.51
random,25,1,nonbipartite,100,0.6267948717948718,58.22
random,25,2,nonbipartite,100,0.6192948717948719,59.39
random,25,3,nonbipartite,100,0.6183974358974359,59.53
random,25,4,nonbipartite,100,0.6213461538461539,59.07
random,30,0,nonbipartite,100,0.5823555555555555,93.97
random,30,1,nonbipartite,100,0.5871555555555555,92.89
random,30,2,nonbipartite,100,0.5814222222222223,94.18
random,30,3,nonbipartite,100,0.5826666666666667,93.9
random,30,4,nonbipartite,100,0.5848444444444444,93.41
random,40,0,nonbipartite,100,0.5257999999999999,189.68
random,40,1,nonbipartite,100,0.5272,189.12
random,40,2,nonbipartite,100,0.529825,188.07
random,40,3,nonbipartite,100,0.528275,188.69
random,40,4,nonbipartite,100,0.529025,188.39
turan_oracle,6,0,exact,100,1.0,0.0
turan_oracle,6,1,exact,100,1.0,0.0
turan_oracle,6,2,exact,100,1.0,0.0
turan_oracle,6,3,exact,100,1.0,0.0
turan_oracle,6,4,exact,100,1.0,0.0
turan_oracle,7,0,exact,100,1.0,0.0
turan_oracle,7,1,exact,100,1.0,0.0
turan_oracle,7,2,exact,100,1.0,0.0
turan_oracle,7,3,exact,100,1.0,0.0
turan_oracle,7,4,exact,100,1.0,0.0
turan_oracle,8,0,exact,100,1.0,0.0
turan_oracle,8,1,exact,100,1.0,0.0
turan_oracle,8,2,exact,100,1.0,0.0
turan_oracle,8,3,exact,100,1.0,0.0
turan_oracle,8,4,exact,100,1.0,0.0
turan_oracle,9,0,exact,100,1.0,0.0
turan_oracle,9,1,exact,100,1.0,0.0
turan_oracle,9,2,exact,100,1.0,0.0
turan_oracle,9,3,exact,100,1.0,0.0
turan_oracle,9,4,exact,100,1.0,0.0
turan_oracle,10,0,exact,100,1.0,0.0
turan_oracle,10,1,exact,100,1.0,0.0
turan_oracle,10,2,exact,100,1.0,0.0
turan_oracle,10,3,exact,100,1.0,0.0
turan_oracle,10,4,exact,100,1.0,0.0
turan_oracle,11,0,exact,100,1.0,0.0
turan_oracle,11,1,exact,100,1.0,0.0
turan_oracle,11,2,exact,100,1.0,0.0
turan_oracle,11,3,exact,100,1.0,0.0
turan_oracle,11,4,exact,100,1.0,0.0
turan_oracle,12,0,exact,100,1.0,0.0
turan_oracle,12,1,exact,100,1.0,0.0
turan_oracle,12,2,exact,100,1.0,0.0
turan_oracle,12,3,exact,100,1.0,0.0
turan_oracle,12,4,exact,100,1.0,0.0
turan_oracle,13,0,exact,100,1.0,0.0
turan_oracle,13,1,exact,100,1.0,0.0
turan_oracle,13,2,exact,100,1.0,0.0
turan_oracle,13,3,exact,100,1.0,0.0
turan_oracle,13,4,exact,100,1.0,0.0
turan_oracle,14,0,exact,100,1.0,0.0
turan_oracle,14,1,exact,100,1.0,0.0
turan_oracle,14,2,exact,100,1.0,0.0
turan_oracle,14,3,exact,100,1.0,0.0
turan_oracle,14,4,exact,100,1.0,0.0
turan_oracle,15,0,exact,100,1.0,0.0
turan_oracle,15,1,exact,100,1.0,0.0
turan_oracle,15,2,exact,100,1.0,0.0
turan_oracle,15,3,exact,100,1.0,0.0
turan_oracle,15,4,exact,100,1.0,0.0
turan_oracle,16,0,exact,100,1.0,0.0
turan_oracle,16,1,exact,100,1.0,0.0
turan_oracle,16,2,exact,100,1.0,0.0
turan_oracle,16,3,exact,100,1.0,0.0
turan_oracle,16,4,exact,100,1.0,0.0
turan_oracle,17,0,exact,100,1.0,0.0
turan_oracle,17,1,exact,100,1.0,0.0
turan_oracle,17,2,exact,100,1.0,0.0
turan_oracle,17,3,exact,100,1.0,0.0
turan_oracle,17,4,exact,100,1.0,0.0
turan_oracle,20,0,exact,100,1.0,0.0
turan_oracle,20,1,exact,100,1.0,0.0
turan_oracle,20,2,exact,100,1.0,0.0
turan_oracle,20,3,exact,100,1.0,0.0
turan_oracle,20,4,exact,100,1.0,0.0
turan_oracle,23,0,exact,100,1.0,0.0
turan_oracle,23,1,exact,100,1.0,0.0
turan_oracle,23,2,exact,100,1.0,0.0
turan_oracle,23,3,exact,100,1.0,0.0
turan_oracle,23,4,exact,100,1.0,0.0
turan_oracle,24,0,exact,100,1.0,0.0
turan_oracle,24,1,exact,100,1.0,0.0
turan_oracle,24,2,exact,100,1.0,0.0
turan_oracle,24,3,exact,100,1.0,0.0
turan_oracle,24,4,exact,100,1.0,0.0
turan_oracle,25,0,exact,100,1.0,0.0
turan_oracle,25,1,exact,100,1.0,0.0
turan_oracle,25,2,exact,100,1.0,0.0
turan_oracle,25,3,exact,100,1.0,0.0
turan_oracle,25,4,exact,100,1.0,0.0
turan_oracle,30,0,exact,100,1.0,0.0
turan_oracle,30,1,exact,100,1.0,0.0
turan_oracle,30,2,exact,100,1.0,0.0
turan_oracle,30,3,exact,100,1.0,0.0
turan_oracle,30,4,exact,100,1.0,0.0
turan_oracle,40,0,exact,100,1.0,0.0
turan_oracle,40,1,exact,100,1.0,0.0
turan_oracle,40,2,exact,100,1.0,0.0
turan_oracle,40,3,exact,100,1.0,0.0
turan_oracle,40,4,exact,100,1.0,0.0
untrained_gnn,6,0,exact,56,1.0,0.0
untrained_gnn,6,0,nonbipartite,21,0.7777777777777777,2.0
untrained_gnn,6,0,unbalanced_bipartite,23,0.8888888888888888,1.0
untrained_gnn,6,1,exact,46,1.0,0.0
untrained_gnn,6,1,nonbipartite,29,0.7777777777777778,2.0
untrained_gnn,6,1,unbalanced_bipartite,25,0.8888888888888888,1.0
untrained_gnn,6,2,exact,38,1.0,0.0
untrained_gnn,6,2,nonbipartite,38,0.7777777777777778,2.0
untrained_gnn,6,2,unbalanced_bipartite,24,0.8888888888888888,1.0
untrained_gnn,6,3,exact,44,1.0,0.0
untrained_gnn,6,3,nonbipartite,30,0.7777777777777778,2.0
untrained_gnn,6,3,unbalanced_bipartite,26,0.8888888888888888,1.0
untrained_gnn,6,4,exact,52,1.0,0.0
untrained_gnn,6,4,nonbipartite,28,0.7777777777777778,2.0
untrained_gnn,6,4,unbalanced_bipartite,20,0.888888888888889,1.0
untrained_gnn,7,0,exact,45,1.0,0.0
untrained_gnn,7,0,nonbipartite,55,0.8015151515151515,2.381818181818182
untrained_gnn,7,1,exact,50,1.0,0.0
untrained_gnn,7,1,nonbipartite,48,0.8038194444444445,2.3541666666666665
untrained_gnn,7,1,unbalanced_bipartite,2,0.8333333333333334,2.0
untrained_gnn,7,2,exact,44,1.0,0.0
untrained_gnn,7,2,nonbipartite,51,0.8022875816993466,2.372549019607843
untrained_gnn,7,2,unbalanced_bipartite,5,0.8333333333333334,2.0
untrained_gnn,7,3,exact,53,1.0,0.0
untrained_gnn,7,3,nonbipartite,42,0.8075396825396824,2.3095238095238093
untrained_gnn,7,3,unbalanced_bipartite,5,0.8333333333333334,2.0
untrained_gnn,7,4,exact,54,1.0,0.0
untrained_gnn,7,4,nonbipartite,45,0.8111111111111111,2.2666666666666666
untrained_gnn,7,4,unbalanced_bipartite,1,0.8333333333333334,2.0
untrained_gnn,8,0,exact,13,1.0,0.0
untrained_gnn,8,0,nonbipartite,67,0.7910447761194029,3.343283582089552
untrained_gnn,8,0,unbalanced_bipartite,20,0.9375,1.0
untrained_gnn,8,1,exact,21,1.0,0.0
untrained_gnn,8,1,nonbipartite,66,0.7916666666666666,3.3333333333333335
untrained_gnn,8,1,unbalanced_bipartite,13,0.9375,1.0
untrained_gnn,8,2,exact,15,1.0,0.0
untrained_gnn,8,2,nonbipartite,70,0.7946428571428571,3.2857142857142856
untrained_gnn,8,2,unbalanced_bipartite,15,0.9375,1.0
untrained_gnn,8,3,exact,22,1.0,0.0
untrained_gnn,8,3,nonbipartite,61,0.7909836065573771,3.3442622950819674
untrained_gnn,8,3,unbalanced_bipartite,17,0.9264705882352942,1.1764705882352942
untrained_gnn,8,4,exact,31,1.0,0.0
untrained_gnn,8,4,nonbipartite,53,0.8018867924528302,3.169811320754717
untrained_gnn,8,4,unbalanced_bipartite,16,0.9375,1.0
untrained_gnn,9,0,exact,16,1.0,0.0
untrained_gnn,9,0,nonbipartite,81,0.8055555555555556,3.888888888888889
untrained_gnn,9,0,unbalanced_bipartite,3,0.9,2.0
untrained_gnn,9,1,exact,15,1.0,0.0
untrained_gnn,9,1,nonbipartite,80,0.79375,4.125
untrained_gnn,9,1,unbalanced_bipartite,5,0.9,2.0
untrained_gnn,9,2,exact,19,1.0,0.0
untrained_gnn,9,2,nonbipartite,75,0.8093333333333333,3.8133333333333335
untrained_gnn,9,2,unbalanced_bipartite,6,0.8666666666666667,2.6666666666666665
untrained_gnn,9,3,exact,18,1.0,0.0
untrained_gnn,9,3,nonbipartite,77,0.8045454545454546,3.909090909090909
untrained_gnn,9,3,unbalanced_bipartite,5,0.9,2.0
untrained_gnn,9,4,exact,19,1.0,0.0
untrained_gnn,9,4,nonbipartite,77,0.8,4.0
untrained_gnn,9,4,unbalanced_bipartite,4,0.9,2.0
untrained_gnn,10,0,exact,8,1.0,0.0
untrained_gnn,10,0,nonbipartite,90,0.7871111111111111,5.322222222222222
untrained_gnn,10,0,unbalanced_bipartite,2,0.96,1.0
untrained_gnn,10,1,exact,12,1.0,0.0
untrained_gnn,10,1,nonbipartite,81,0.7881481481481482,5.296296296296297
untrained_gnn,10,1,unbalanced_bipartite,7,0.9428571428571428,1.4285714285714286
untrained_gnn,10,2,exact,8,1.0,0.0
untrained_gnn,10,2,nonbipartite,85,0.7858823529411765,5.352941176470588
untrained_gnn,10,2,unbalanced_bipartite,7,0.9428571428571428,1.4285714285714286
untrained_gnn,10,3,exact,6,1.0,0.0
untrained_gnn,10,3,nonbipartite,87,0.7866666666666666,5.333333333333333
untrained_gnn,10,3,unbalanced_bipartite,7,0.9428571428571428,1.4285714285714286
untrained_gnn,10,4,exact,4,1.0,0.0
untrained_gnn,10,4,nonbipartite,89,0.7878651685393259,5.303370786516854
untrained_gnn,10,4,unbalanced_bipartite,7,0.96,1.0
untrained_gnn,11,0,exact,5,1.0,0.0
untrained_gnn,11,0,nonbipartite,94,0.7691489361702127,6.925531914893617
untrained_gnn,11,0,unbalanced_bipartite,1,0.9333333333333332,2.0
untrained_gnn,11,1,exact,8,1.0,0.0
untrained_gnn,11,1,nonbipartite,90,0.7837037037037037,6.488888888888889
untrained_gnn,11,1,unbalanced_bipartite,2,0.9333333333333332,2.0
untrained_gnn,11,2,exact,4,1.0,0.0
untrained_gnn,11,2,nonbipartite,96,0.7829861111111112,6.510416666666667
untrained_gnn,11,3,exact,5,1.0,0.0
untrained_gnn,11,3,nonbipartite,94,0.7865248226950355,6.404255319148936
untrained_gnn,11,3,unbalanced_bipartite,1,0.9333333333333332,2.0
untrained_gnn,11,4,exact,7,1.0,0.0
untrained_gnn,11,4,nonbipartite,93,0.7903225806451613,6.290322580645161
untrained_gnn,12,0,exact,3,1.0,0.0
untrained_gnn,12,0,nonbipartite,96,0.7601273148148149,8.635416666666666
untrained_gnn,12,0,unbalanced_bipartite,1,0.9722222222222222,1.0
untrained_gnn,12,1,exact,1,1.0,0.0
untrained_gnn,12,1,nonbipartite,96,0.7609953703703703,8.604166666666666
untrained_gnn,12,1,unbalanced_bipartite,3,0.9722222222222222,1.0
untrained_gnn,12,2,exact,1,1.0,0.0
untrained_gnn,12,2,nonbipartite,95,0.7809941520467836,7.88421052631579
untrained_gnn,12,2,unbalanced_bipartite,4,0.9513888888888888,1.75
untrained_gnn,12,3,exact,3,1.0,0.0
untrained_gnn,12,3,nonbipartite,97,0.7743413516609393,8.123711340206185
untrained_gnn,12,4,exact,2,1.0,0.0
untrained_gnn,12,4,nonbipartite,98,0.759920634920635,8.642857142857142
untrained_gnn,13,0,exact,3,1.0,0.0
untrained_gnn,13,0,nonbipartite,97,0.758713794796269,10.1340206185567
untrained_gnn,13,1,exact,1,1.0,0.0
untrained_gnn,13,1,nonbipartite,97,0.7579774177712322,10.164948453608247
untrained_gnn,13,1,unbalanced_bipartite,2,0.9523809523809524,2.0
untrained_gnn,13,2,exact,2,1.0,0.0
untrained_gnn,13,2,nonbipartite,98,0.7541302235179785,10.326530612244898
untrained_gnn,13,3,exact,2,1.0,0.0
untrained_gnn,13,3,nonbipartite,97,0.7663230240549828,9.814432989690722
untrained_gnn,13,3,unbalanced_bipartite,1,0.9523809523809524,2.0
untrained_gnn,13,4,exact,3,1.0,0.0
untrained_gnn,13,4,nonbipartite,97,0.7565046637211585,10.22680412371134
untrained_gnn,14,0,nonbipartite,99,0.7480931766646053,12.343434343434344
untrained_gnn,14,0,unbalanced_bipartite,1,0.979591836734694,1.0
untrained_gnn,14,1,nonbipartite,98,0.738442315701791,12.816326530612244
untrained_gnn,14,1,unbalanced_bipartite,2,0.9489795918367347,2.5
untrained_gnn,14,2,nonbipartite,100,0.7371428571428571,12.88
untrained_gnn,14,3,exact,1,1.0,0.0
untrained_gnn,14,3,nonbipartite,98,0.741774260724698,12.653061224489797
untrained_gnn,14,3,unbalanced_bipartite,1,0.979591836734694,1.0
untrained_gnn,14,4,nonbipartite,100,0.7506122448979592,12.22
untrained_gnn,15,0,nonbipartite,100,0.7367857142857143,14.74
untrained_gnn,15,1,nonbipartite,100,0.7285714285714286,15.2
untrained_gnn,15,2,nonbipartite,100,0.7319642857142857,15.01
untrained_gnn,15,3,nonbipartite,100,0.734642857142857,14.86
untrained_gnn,15,4,exact,1,1.0,0.0
untrained_gnn,15,4,nonbipartite,98,0.7310495626822157,15.061224489795919
untrained_gnn,15,4,unbalanced_bipartite,1,0.9642857142857144,2.0
untrained_gnn,16,0,nonbipartite,100,0.71296875,18.37
untrained_gnn,16,1,nonbipartite,100,0.715,18.24
untrained_gnn,16,2,nonbipartite,100,0.71171875,18.45
untrained_gnn,16,3,nonbipartite,100,0.7028125,19.02
untrained_gnn,16,4,nonbipartite,100,0.71078125,18.51
untrained_gnn,17,0,nonbipartite,100,0.7061111111111111,21.16
untrained_gnn,17,1,nonbipartite,100,0.69375,22.05
untrained_gnn,17,2,nonbipartite,100,0.7013888888888888,21.5
untrained_gnn,17,3,nonbipartite,100,0.7047222222222222,21.26
untrained_gnn,17,4,nonbipartite,100,0.7001388888888889,21.59
untrained_gnn,20,0,nonbipartite,100,0.6651,33.49
untrained_gnn,20,1,nonbipartite,100,0.6694,33.06
untrained_gnn,20,2,nonbipartite,100,0.6687000000000001,33.13
untrained_gnn,20,3,nonbipartite,100,0.6729,32.71
untrained_gnn,20,4,nonbipartite,100,0.6689,33.11
untrained_gnn,23,0,nonbipartite,100,0.6333333333333333,48.4
untrained_gnn,23,1,nonbipartite,100,0.6407575757575757,47.42
untrained_gnn,23,2,nonbipartite,100,0.6390151515151515,47.65
untrained_gnn,23,3,nonbipartite,100,0.6408333333333333,47.41
untrained_gnn,23,4,nonbipartite,100,0.6383333333333333,47.74
untrained_gnn,24,0,nonbipartite,100,0.6306944444444444,53.18
untrained_gnn,24,1,nonbipartite,100,0.6290972222222222,53.41
untrained_gnn,24,2,nonbipartite,100,0.6258333333333334,53.88
untrained_gnn,24,3,nonbipartite,100,0.6275694444444444,53.63
untrained_gnn,24,4,nonbipartite,100,0.6338888888888888,52.72
untrained_gnn,25,0,nonbipartite,100,0.6264102564102564,58.28
untrained_gnn,25,1,nonbipartite,100,0.6225,58.89
untrained_gnn,25,2,nonbipartite,100,0.6202564102564103,59.24
untrained_gnn,25,3,nonbipartite,100,0.6271794871794871,58.16
untrained_gnn,25,4,nonbipartite,100,0.624102564102564,58.64
untrained_gnn,30,0,nonbipartite,100,0.5877777777777777,92.75
untrained_gnn,30,1,nonbipartite,100,0.5829777777777777,93.83
untrained_gnn,30,2,nonbipartite,100,0.5827111111111111,93.89
untrained_gnn,30,3,nonbipartite,100,0.5808888888888889,94.3
untrained_gnn,30,4,nonbipartite,100,0.5863555555555555,93.07
untrained_gnn,40,0,nonbipartite,100,0.524725,190.11
untrained_gnn,40,1,nonbipartite,100,0.527,189.2
untrained_gnn,40,2,nonbipartite,100,0.530075,187.97
untrained_gnn,40,3,nonbipartite,100,0.526375,189.45
untrained_gnn,40,4,nonbipartite,100,0.5246999999999999,190.12
untrained_mlp,6,0,exact,57,1.0,0.0
untrained_mlp,6,0,nonbipartite,17,0.7777777777777778,2.0
untrained_mlp,6,0,unbalanced_bipartite,26,0.8888888888888888,1.0
untrained_mlp,6,1,exact,47,1.0,0.0
untrained_mlp,6,1,nonbipartite,27,0.7777777777777778,2.0
untrained_mlp,6,1,unbalanced_bipartite,26,0.8888888888888888,1.0
untrained_mlp,6,2,exact,37,1.0,0.0
untrained_mlp,6,2,nonbipartite,33,0.7777777777777778,2.0
untrained_mlp,6,2,unbalanced_bipartite,30,0.8888888888888888,1.0
untrained_mlp,6,3,exact,41,1.0,0.0
untrained_mlp,6,3,nonbipartite,33,0.7777777777777778,2.0
untrained_mlp,6,3,unbalanced_bipartite,26,0.8888888888888888,1.0
untrained_mlp,6,4,exact,50,1.0,0.0
untrained_mlp,6,4,nonbipartite,26,0.7777777777777778,2.0
untrained_mlp,6,4,unbalanced_bipartite,24,0.8888888888888888,1.0
untrained_mlp,7,0,exact,55,1.0,0.0
untrained_mlp,7,0,nonbipartite,44,0.7992424242424242,2.409090909090909
untrained_mlp,7,0,unbalanced_bipartite,1,0.8333333333333334,2.0
untrained_mlp,7,1,exact,52,1.0,0.0
untrained_mlp,7,1,nonbipartite,46,0.8025362318840579,2.369565217391304
untrained_mlp,7,1,unbalanced_bipartite,2,0.8333333333333334,2.0
untrained_mlp,7,2,exact,40,1.0,0.0
untrained_mlp,7,2,nonbipartite,53,0.7987421383647799,2.4150943396226414
untrained_mlp,7,2,unbalanced_bipartite,7,0.8333333333333334,2.0
untrained_mlp,7,3,exact,52,1.0,0.0
untrained_mlp,7,3,nonbipartite,44,0.8087121212121212,2.2954545454545454
untrained_mlp,7,3,unbalanced_bipartite,4,0.8333333333333334,2.0
untrained_mlp,7,4,exact,53,1.0,0.0
untrained_mlp,7,4,nonbipartite,46,0.8152173913043478,2.217391304347826
untrained_mlp,7,4,unbalanced_bipartite,1,0.8333333333333334,2.0
untrained_mlp,8,0,exact,14,1.0,0.0
untrained_mlp,8,0,nonbipartite,69,0.7952898550724637,3.2753623188405796
untrained_mlp,8,0,unbalanced_bipartite,17,0.9375,1.0
untrained_mlp,8,1,exact,16,1.0,0.0
untrained_mlp,8,1,nonbipartite,73,0.7945205479452054,3.287671232876712
untrained_mlp,8,1,unbalanced_bipartite,11,0.9375,1.0
untrained_mlp,8,2,exact,19,1.0,0.0
untrained_mlp,8,2,nonbipartite,61,0.7930327868852459,3.3114754098360657
untrained_mlp,8,2,unbalanced_bipartite,20,0.9375,1.0
untrained_mlp,8,3,exact,22,1.0,0.0
untrained_mlp,8,3,nonbipartite,63,0.7827380952380952,3.4761904761904763
untrained_mlp,8,3,unbalanced_bipartite,15,0.9125,1.4
untrained_mlp,8,4,exact,21,1.0,0.0
untrained_mlp,8,4,nonbipartite,61,0.7889344262295082,3.377049180327869
untrained_mlp,8,4,unbalanced_bipartite,18,0.9375,1.0
untrained_mlp,9,0,exact,19,1.0,0.0
untrained_mlp,9,0,nonbipartite,77,0.8084415584415584,3.831168831168831
untrained_mlp,9,0,unbalanced_bipartite,4,0.85,3.0
untrained_mlp,9,1,exact,16,1.0,0.0
untrained_mlp,9,1,nonbipartite,81,0.804320987654321,3.9135802469135803
untrained_mlp,9,1,unbalanced_bipartite,3,0.9,2.0
untrained_mlp,9,2,exact,18,1.0,0.0
untrained_mlp,9,2,nonbipartite,76,0.8039473684210526,3.9210526315789473
untrained_mlp,9,2,unbalanced_bipartite,6,0.8666666666666667,2.6666666666666665
untrained_mlp,9,3,exact,20,1.0,0.0
untrained_mlp,9,3,nonbipartite,76,0.805921052631579,3.8815789473684212
untrained_mlp,9,3,unbalanced_bipartite,4,0.9,2.0
untrained_mlp,9,4,exact,19,1.0,0.0
untrained_mlp,9,4,nonbipartite,79,0.8069620253164557,3.8607594936708862
untrained_mlp,9,4,unbalanced_bipartite,2,0.9,2.0
untrained_mlp,10,0,exact,10,1.0,0.0
untrained_mlp,10,0,nonbipartite,83,0.7869879518072288,5.325301204819277
untrained_mlp,10,0,unbalanced_bipartite,7,0.96,1.0
untrained_mlp,10,1,exact,10,1.0,0.0
untrained_mlp,10,1,nonbipartite,80,0.7889999999999999,5.275
untrained_mlp,10,1,unbalanced_bipartite,10,0.96,1.0
untrained_mlp,10,2,exact,7,1.0,0.0
untrained_mlp,10,2,nonbipartite,86,0.7897674418604651,5.255813953488372
untrained_mlp,10,2,unbalanced_bipartite,7,0.96,1.0
untrained_mlp,10,3,exact,5,1.0,0.0
untrained_mlp,10,3,nonbipartite,90,0.788,5.3
untrained_mlp,10,3,unbalanced_bipartite,5,0.96,1.0
untrained_mlp,10,4,exact,2,1.0,0.0
untrained_mlp,10,4,nonbipartite,91,0.7916483516483517,5.208791208791209
untrained_mlp,10,4,unbalanced_bipartite,7,0.96,1.0
untrained_mlp,11,0,exact,4,1.0,0.0
untrained_mlp,11,0,nonbipartite,95,0.7771929824561403,6.684210526315789
untrained_mlp,11,0,unbalanced_bipartite,1,0.9333333333333332,2.0
untrained_mlp,11,1,exact,7,1.0,0.0
untrained_mlp,11,1,nonbipartite,92,0.7916666666666667,6.25
untrained_mlp,11,1,unbalanced_bipartite,1,0.9333333333333332,2.0
untrained_mlp,11,2,exact,6,1.0,0.0
untrained_mlp,11,2,nonbipartite,94,0.7875886524822695,6.372340425531915
untrained_mlp,11,3,exact,5,1.0,0.0
untrained_mlp,11,3,nonbipartite,93,0.7885304659498208,6.344086021505376
untrained_mlp,11,3,unbalanced_bipartite,2,0.9333333333333332,2.0
untrained_mlp,11,4,exact,7,1.0,0.0
untrained_mlp,11,4,nonbipartite,92,0.782608695652174,6.521739130434782
untrained_mlp,11,4,unbalanced_bipartite,1,0.9333333333333332,2.0
untrained_mlp,12,0,exact,1,1.0,0.0
untrained_mlp,12,0,nonbipartite,93,0.7613500597371565,8.591397849462366
untrained_mlp,12,0,unbalanced_bipartite,6,0.9444444444444443,2.0
untrained_mlp,12,1,exact,2,1.0,0.0
untrained_mlp,12,1,nonbipartite,95,0.7681286549707603,8.347368421052632
untrained_mlp,12,1,unbalanced_bipartite,3,0.9722222222222222,1.0
untrained_mlp,12,2,exact,2,1.0,0.0
untrained_mlp,12,2,nonbipartite,96,0.7589699074074074,8.677083333333334
untrained_mlp,12,2,unbalanced_bipartite,2,0.9722222222222222,1.0
untrained_mlp,12,3,exact,2,1.0,0.0
untrained_mlp,12,3,nonbipartite,96,0.7792245370370371,7.947916666666667
untrained_mlp,12,3,unbalanced_bipartite,2,0.9722222222222222,1.0
untrained_mlp,12,4,exact,2,1.0,0.0
untrained_mlp,12,4,nonbipartite,96,0.7554976851851851,8.802083333333334
untrained_mlp,12,4,unbalanced_bipartite,2,0.9722222222222222,1.0
untrained_mlp,13,0,exact,2,1.0,0.0
untrained_mlp,13,0,nonbipartite,98,0.7543731778425656,10.316326530612244
untrained_mlp,13,1,exact,3,1.0,0.0
untrained_mlp,13,1,nonbipartite,97,0.7515954835542463,10.43298969072165
untrained_mlp,13,2,exact,1,1.0,0.0
untrained_mlp,13,2,nonbipartite,99,0.7580567580567581,10.16161616161616
untrained_mlp,13,3,exact,4,1.0,0.0
untrained_mlp,13,3,nonbipartite,96,0.7581845238095238,10.15625
untrained_mlp,13,4,exact,4,1.0,0.0
untrained_mlp,13,4,nonbipartite,96,0.7688492063492064,9.708333333333334
untrained_mlp,14,0,nonbipartite,100,0.7353061224489795,12.97
untrained_mlp,14,1,nonbipartite,100,0.7324489795918367,13.11
untrained_mlp,14,2,exact,2,1.0,0.0
untrained_mlp,14,2,nonbipartite,97,0.7401641068798653,12.731958762886597
untrained_mlp,14,2,unbalanced_bipartite,1,0.979591836734694,1.0
untrained_mlp,14,3,nonbipartite,98,0.7471886713869221,12.387755102040817
untrained_mlp,14,3,unbalanced_bipartite,2,0.979591836734694,1.0
untrained_mlp,14,4,nonbipartite,100,0.7422448979591837,12.63
untrained_mlp,15,0,nonbipartite,100,0.7380357142857144,14.67
untrained_mlp,15,1,nonbipartite,100,0.7358928571428571,14.79
untrained_mlp,15,2,nonbipartite,100,0.7389285714285714,14.62
untrained_mlp,15,3,nonbipartite,99,0.7362914862914862,14.767676767676768
untrained_mlp,15,3,unbalanced_bipartite,1,0.9642857142857144,2.0
untrained_mlp,15,4,nonbipartite,99,0.7272727272727273,15.272727272727273
untrained_mlp,15,4,unbalanced_bipartite,1,0.9642857142857144,2.0
untrained_mlp,16,0,nonbipartite,99,0.7215909090909091,17.818181818181817
untrained_mlp,16,0,unbalanced_bipartite,1,0.984375,1.0
untrained_mlp,16,1,nonbipartite,100,0.71515625,18.23
untrained_mlp,16,2,nonbipartite,100,0.71390625,18.31
untrained_mlp,16,3,exact,1,1.0,0.0
untrained_mlp,16,3,nonbipartite,98,0.7079081632653061,18.693877551020407
untrained_mlp,16,3,unbalanced_bipartite,1,0.984375,1.0
untrained_mlp,16,4,nonbipartite,100,0.718125,18.04
untrained_mlp,17,0,nonbipartite,100,0.7086111111111112,20.98
untrained_mlp,17,1,nonbipartite,100,0.7079166666666667,21.03
untrained_mlp,17,2,nonbipartite,100,0.7079166666666667,21.03
untrained_mlp,17,3,nonbipartite,100,0.7033333333333333,21.36
untrained_mlp,17,4,nonbipartite,100,0.6952777777777777,21.94
untrained_mlp,20,0,nonbipartite,100,0.6644,33.56
untrained_mlp,20,1,nonbipartite,100,0.6676000000000001,33.24
untrained_mlp,20,2,nonbipartite,100,0.6724,32.76
untrained_mlp,20,3,nonbipartite,100,0.6695,33.05
untrained_mlp,20,4,nonbipartite,100,0.6611,33.89
untrained_mlp,23,0,nonbipartite,100,0.6353787878787879,48.13
untrained_mlp,23,1,nonbipartite,100,0.6406818181818181,47.43
untrained_mlp,23,2,nonbipartite,100,0.6423484848484848,47.21
untrained_mlp,23,3,nonbipartite,100,0.6468181818181818,46.62
untrained_mlp,23,4,nonbipartite,100,0.6389393939393939,47.66
untrained_mlp,24,0,nonbipartite,100,0.6343055555555556,52.66
untrained_mlp,24,1,nonbipartite,100,0.6303472222222222,53.23
untrained_mlp,24,2,nonbipartite,100,0.6270138888888889,53.71
untrained_mlp,24,3,nonbipartite,100,0.63125,53.1
untrained_mlp,24,4,nonbipartite,100,0.6357638888888889,52.45
