method,n,seed,episode,feasible_decisions,mixed_group_states,unavoidable_alias_states,sum_bad_action_mass,sum_bad_mass_in_mixed_groups,chosen_bad_action,chosen_bad_in_mixed_group,first_loss_bad_mass,trajectory_has_mixed_group,trajectory_has_unavoidable_alias
candidate,14,0,0,14,1.0,0.0,0.16561200345677207,0.0026040649972856045,1,0.0,0.15608414431699202,1.0,0.0
candidate,14,0,1,49,2.0,0.0,0.4394586183479987,0.02305385610088706,0,0.0,,1.0,0.0
candidate,14,0,2,49,0.0,0.0,0.23510647703187715,0.0,0,0.0,,0.0,0.0
candidate,14,0,3,49,1.0,0.0,0.870735882097506,0.0014161954168230295,0,0.0,,1.0,0.0
candidate,14,0,4,49,0.0,0.0,0.558153907875294,0.0,0,0.0,,0.0,0.0
candidate,14,0,5,49,1.0,0.0,0.2072169764433056,0.01184473093599081,0,0.0,,1.0,0.0
candidate,14,0,6,14,6.0,0.0,0.295432112108756,0.07836692116688937,1,0.0,0.15623988017796364,1.0,0.0
candidate,14,0,7,49,2.0,0.0,0.2642497833752486,0.016174916177988052,0,0.0,,1.0,0.0
candidate,14,0,8,49,1.0,0.0,0.2982199913508339,0.01184473279863596,0,0.0,,1.0,0.0
candidate,14,0,9,49,4.0,0.0,0.490320646604232,0.05323332303669304,0,0.0,,1.0,0.0
candidate,24,0,0,25,15.0,0.0,1.120807367566158,0.7331331804107322,1,0.0,0.026155958401432144,1.0,0.0
candidate,24,0,1,19,11.0,0.0,0.2910024551820243,0.2495121189422207,1,1.0,0.035711087271920405,1.0,0.0
candidate,24,0,2,144,10.0,0.0,0.8542830112715478,0.16489105925575132,0,0.0,,1.0,0.0
candidate,24,0,3,20,8.0,0.0,0.24874272504530381,0.10628448425268289,1,1.0,0.013263664019177668,1.0,0.0
candidate,24,0,4,23,14.0,0.0,0.7605970074228026,0.5781690447265646,1,0.0,0.09639468172827037,1.0,0.0
candidate,24,0,5,11,2.0,0.0,0.03230261185672134,0.018999753054231405,1,1.0,0.01787017087917775,1.0,0.0
candidate,24,0,6,17,8.0,0.0,0.3484234459247091,0.1234360650414601,1,0.0,0.07176742437877692,1.0,0.0
candidate,24,0,7,144,10.0,0.0,1.550535562382251,0.24864016968535907,0,0.0,,1.0,0.0
candidate,24,0,8,29,15.0,0.0,1.5997958008799742,0.5766911105142754,1,0.0,0.05239051207900047,1.0,0.0
candidate,24,0,9,30,22.0,0.0,1.952572361868988,0.9658397812781914,1,1.0,0.2544937040656805,1.0,0.0
candidate,40,0,0,20,6.0,0.0,0.27316952499677427,0.18615768053859938,1,0.0,0.052767135959584266,1.0,0.0
candidate,40,0,1,31,22.0,0.0,0.4708893142233137,0.3755047993909102,1,1.0,0.06558836255862843,1.0,0.0
candidate,40,0,2,37,28.0,0.0,1.4436474575750253,1.1528440767433494,1,0.0,0.14231961584300734,1.0,0.0
candidate,40,0,3,23,8.0,0.0,0.31399782687367406,0.20532999803253915,1,1.0,0.06452038430143148,1.0,0.0
candidate,40,0,4,27,17.0,0.0,1.2202724582894007,0.9545484824775485,1,1.0,0.18567145643464755,1.0,0.0
candidate,40,0,5,37,25.0,0.0,2.6604655983092016,2.1489068735240835,1,0.0,0.29346213952248945,1.0,0.0
candidate,40,0,6,26,13.0,0.0,0.5502607704365801,0.4948922914809373,1,1.0,0.07104131756568677,1.0,0.0
candidate,40,0,7,19,7.0,0.0,0.3087408232386224,0.17915927516878583,1,1.0,0.04882852676382754,1.0,0.0
candidate,40,0,8,24,12.0,0.0,0.16723392030689865,0.13613105664262548,1,1.0,0.06257789500523359,1.0,0.0
candidate,40,0,9,35,18.0,0.0,1.2818936526941798,1.1477315611750782,1,1.0,0.1513827599060278,1.0,0.0
candidate,14,1,0,15,0.0,0.0,0.3721114299510191,0.0,1,0.0,0.1783209308964615,0.0,0.0
candidate,14,1,1,49,2.0,0.0,0.29904699815961067,0.017443036078475416,0,0.0,,1.0,0.0
candidate,14,1,2,17,6.0,0.0,0.586379459251475,0.07677952951053157,1,0.0,0.21844161115586758,1.0,0.0
candidate,14,1,3,11,2.0,0.0,0.2315014470659662,0.08882938273018226,1,1.0,0.11194068953045644,1.0,0.0
candidate,14,1,4,49,2.0,0.0,0.28879317162864027,0.03868518036870228,0,0.0,,1.0,0.0
candidate,14,1,5,49,8.0,0.0,0.6012085190104699,0.2733332690932002,0,0.0,,1.0,0.0
candidate,14,1,6,49,1.0,0.0,0.8762964583435178,0.009951835847459733,0,0.0,,1.0,0.0
candidate,14,1,7,14,0.0,0.0,0.4402989598534077,0.0,1,0.0,0.2351098214276135,0.0,0.0
candidate,14,1,8,15,1.0,0.0,0.2160501230700902,0.010800816118717194,1,0.0,0.18146055410943518,1.0,0.0
candidate,14,1,9,7,0.0,0.0,0.010665782960131764,0.0,1,0.0,0.003854804439470172,0.0,0.0
candidate,24,1,0,14,3.0,0.0,0.1286583043402061,0.03905849566217512,1,0.0,0.019267536466941237,1.0,0.0
candidate,24,1,1,25,13.0,0.0,1.2787796311462216,0.6112850574681943,1,0.0,0.05979212392952604,1.0,0.0
candidate,24,1,2,27,8.0,0.0,1.3996095573381524,0.13665703164224396,1,0.0,0.15873661596694433,1.0,0.0
candidate,24,1,3,38,5.0,0.0,1.4927203854180107,0.11408343793573295,1,0.0,0.02245739869249519,1.0,0.0
candidate,24,1,4,26,14.0,0.0,0.8266139245281465,0.4817429920221912,1,0.0,0.16142300756087025,1.0,0.0
candidate,24,1,5,25,10.0,0.0,0.28623353400831775,0.13636173755276104,1,0.0,0.1273174350248496,1.0,0.0
candidate,24,1,6,144,11.0,0.0,0.9309950951665087,0.13973757424810174,0,0.0,,1.0,0.0
candidate,24,1,7,14,6.0,0.0,0.07605322985909879,0.04087865352630615,1,1.0,0.058606854639947414,1.0,0.0
candidate,24,1,8,13,4.0,0.0,0.2243543983786367,0.04383653204422444,1,0.0,0.06061704352032393,1.0,0.0
candidate,24,1,9,144,2.0,0.0,0.7353034026798468,0.01754838414490223,0,0.0,,1.0,0.0
candidate,40,1,0,48,32.0,0.0,3.938844375070744,1.861467063323687,1,1.0,0.27484471285785617,1.0,0.0
candidate,40,1,1,24,15.0,0.0,0.734338050664519,0.46261406374833314,1,1.0,0.08881240922346478,1.0,0.0
candidate,40,1,2,25,6.0,0.0,0.24800078451517038,0.13065650113276206,1,1.0,0.07543665221601259,1.0,0.0
candidate,40,1,3,22,11.0,0.0,0.19143809436354786,0.15411194339685608,1,1.0,0.07632866279163864,1.0,0.0
candidate,40,1,4,21,13.0,0.0,0.19258001435082406,0.16642058396246284,1,1.0,0.037036816123872995,1.0,0.0
candidate,40,1,5,69,38.0,0.0,1.8893946000111441,0.6776034851222903,1,0.0,0.02384537269244902,1.0,0.0
candidate,40,1,6,25,15.0,0.0,0.7784107042098185,0.6373835049525951,1,1.0,0.11143417424318613,1.0,0.0
candidate,40,1,7,51,42.0,0.0,4.523962842143959,2.099352051707342,1,1.0,0.2448634710826525,1.0,0.0
candidate,40,1,8,21,11.0,0.0,0.1781257213151548,0.15248111603432335,1,1.0,0.03397355959168635,1.0,0.0
candidate,40,1,9,30,24.0,0.0,1.1353540241107112,0.5833772359328577,1,1.0,0.13730819369811798,1.0,0.0
candidate,14,2,0,49,1.0,0.0,0.4877860762169348,0.012404156383126974,0,0.0,,1.0,0.0
candidate,14,2,1,49,5.0,0.0,0.9147287041164418,0.14650933386292309,0,0.0,,1.0,0.0
candidate,14,2,2,14,0.0,0.0,0.5623923335660947,0.0,1,0.0,0.22609964371076785,0.0,0.0
candidate,14,2,3,49,4.0,0.0,0.40946952588274144,0.03705275832908228,0,0.0,,1.0,0.0
candidate,14,2,4,49,7.0,0.0,0.2675167770066764,0.0851848935126327,0,0.0,,1.0,0.0
candidate,14,2,5,49,1.0,0.0,0.28466828753062146,0.01041270513087511,0,0.0,,1.0,0.0
candidate,14,2,6,49,2.0,0.0,0.25558466534130275,0.02281686384230852,0,0.0,,1.0,0.0
candidate,14,2,7,49,7.0,0.0,0.8927203480670869,0.10810576268704608,0,0.0,,1.0,0.0
candidate,14,2,8,14,8.0,0.0,0.3195334496213036,0.17450825235027878,1,1.0,0.13024965546173917,1.0,0.0
candidate,14,2,9,49,5.0,0.0,0.7558745839414769,0.06784550145675894,0,0.0,,1.0,0.0
candidate,24,2,0,34,2.0,0.0,0.45979454773487305,0.018660921836271882,1,0.0,0.025348452348225692,1.0,0.0
candidate,24,2,1,144,16.0,0.0,0.8169977304978602,0.20637620017623703,0,0.0,,1.0,0.0
candidate,24,2,2,20,11.0,0.0,0.2599918740688736,0.19738593055626552,1,1.0,0.030766826344006404,1.0,0.0
candidate,24,2,3,38,9.0,0.0,0.8360195974664748,0.25016393906844314,1,0.0,0.027579784393310547,1.0,0.0
candidate,24,2,4,144,17.0,0.0,1.2609829266884844,0.6151444019635619,0,0.0,,1.0,0.0
candidate,24,2,5,29,14.0,0.0,0.7754728546838123,0.15236513354466297,1,0.0,0.28039627576572457,1.0,0.0
candidate,24,2,6,30,18.0,0.0,1.1578013851515152,0.8114857952534749,1,0.0,0.22323809699332742,1.0,0.0
candidate,24,2,7,28,1.0,0.0,0.4984593345423036,0.005235005635768175,1,0.0,0.1299457444803238,1.0,0.0
candidate,24,2,8,16,6.0,0.0,0.10363057721406221,0.10363057721406221,1,1.0,0.025064425892196596,1.0,0.0
candidate,24,2,9,11,5.0,0.0,0.09489937219768763,0.03906245226971805,1,1.0,0.015184488845989108,1.0,0.0
candidate,40,2,0,30,20.0,0.0,1.348791846408858,0.553103700542124,1,0.0,0.2075559918594081,1.0,0.0
candidate,40,2,1,19,8.0,0.0,0.30146160768345,0.26171560713555664,1,1.0,0.0722857786458917,1.0,0.0
candidate,40,2,2,26,12.0,0.0,0.9025336435006466,0.7704872442118358,1,1.0,0.16363971211831085,1.0,0.0
candidate,40,2,3,29,21.0,0.0,0.7968166300906887,0.6169232602624106,1,1.0,0.1177894377742632,1.0,0.0
candidate,40,2,4,26,10.0,0.0,0.4456443145754747,0.34847851093218196,1,0.0,0.13124553572561126,1.0,0.0
candidate,40,2,5,28,13.0,0.0,1.1162629899481544,0.9431812682450982,1,1.0,0.15052072354592383,1.0,0.0
candidate,40,2,6,31,19.0,0.0,0.7997434917779174,0.7634371796448249,1,1.0,0.1371305746724829,1.0,0.0
candidate,40,2,7,28,16.0,0.0,0.38137508009094745,0.26127569715026766,1,1.0,0.14283423792221583,1.0,0.0
candidate,40,2,8,28,11.0,0.0,0.3693269384384621,0.3414623540593311,1,1.0,0.11110250288038515,1.0,0.0
candidate,40,2,9,400,31.0,0.0,3.3332838275819086,0.23333199515968772,0,0.0,,1.0,0.0
candidate,14,3,0,18,6.0,0.0,0.23944213309732731,0.06858257367275655,1,0.0,0.05492499646061333,1.0,0.0
candidate,14,3,1,27,3.0,0.0,0.7288624883674117,0.033928867895156145,1,0.0,0.06574727967381477,1.0,0.0
candidate,14,3,2,7,1.0,0.0,0.08026216411963105,0.012738661840558052,1,0.0,0.042667428497225046,1.0,0.0
candidate,14,3,3,18,2.0,0.0,0.505714900410851,0.03277270682156086,1,0.0,0.08170277109456947,1.0,0.0
candidate,14,3,4,49,0.0,0.0,0.2358912671734288,0.0,0,0.0,,0.0,0.0
candidate,14,3,5,23,3.0,0.0,0.5136533047050307,0.06396026816219091,1,0.0,0.008966283523477614,1.0,0.0
candidate,14,3,6,49,4.0,0.0,0.4857503133825958,0.055847773561254144,0,0.0,,1.0,0.0
candidate,14,3,7,49,3.0,0.0,0.6141240578272118,0.029994424432516098,0,0.0,,1.0,0.0
candidate,14,3,8,49,3.0,0.0,0.42272671233138226,0.05067821900593117,0,0.0,,1.0,0.0
candidate,14,3,9,18,1.0,0.0,0.40372979966196,0.020810069516301155,1,0.0,0.10544876125641167,1.0,0.0
candidate,24,3,0,35,17.0,0.0,1.5207686108713858,0.8957700926130201,1,0.0,0.07357109873905188,1.0,0.0
candidate,24,3,1,144,0.0,0.0,1.1620596733268371,0.0,0,0.0,,0.0,0.0
candidate,24,3,2,7,0.0,0.0,0.017672967165708542,0.0,1,0.0,0.017672967165708542,0.0,0.0
candidate,24,3,3,144,18.0,0.0,1.370914253793785,0.36467756150386776,0,0.0,,1.0,0.0
candidate,24,3,4,40,13.0,0.0,0.6852993636471183,0.19312544770764362,1,0.0,0.02385683618922485,1.0,0.0
candidate,24,3,5,12,2.0,0.0,0.10520336532499641,0.017424486577510834,1,0.0,0.03589517332147807,1.0,0.0
candidate,24,3,6,144,13.0,0.0,2.2688926494872703,0.6628964058540987,0,0.0,,1.0,0.0
candidate,24,3,7,14,5.0,0.0,0.13934546418022364,0.10699719784315675,1,1.0,0.03058938060712535,1.0,0.0
candidate,24,3,8,39,6.0,0.0,1.524364346997956,0.21314677351620048,1,0.0,0.07259768696962965,1.0,0.0
candidate,24,3,9,8,1.0,0.0,0.06187603436410427,0.012698945589363575,1,0.0,0.023577533662319183,1.0,0.0
candidate,40,3,0,34,23.0,0.0,1.1561959890104845,0.9017628744059039,1,0.0,0.1012508555736531,1.0,0.0
candidate,40,3,1,44,11.0,0.0,1.0151197507038887,0.20971582827041857,1,0.0,0.039813066243198136,1.0,0.0
candidate,40,3,2,24,14.0,0.0,0.8120514722540975,0.5920893615111709,1,1.0,0.10834698827238753,1.0,0.0
candidate,40,3,3,27,17.0,0.0,0.9287325781333493,0.6413295982201817,1,1.0,0.1364384939079173,1.0,0.0
candidate,40,3,4,34,25.0,0.0,1.2536967436653867,0.9112425438997889,1,1.0,0.03591329159007728,1.0,0.0
candidate,40,3,5,25,15.0,0.0,0.3937761510896962,0.240611856628675,1,1.0,0.17262293052044697,1.0,0.0
candidate,40,3,6,68,53.0,0.0,4.286444428980786,2.6061930154353377,1,0.0,0.0907493434835942,1.0,0.0
candidate,40,3,7,35,24.0,0.0,2.1319220553486957,1.0662143120498513,1,0.0,0.11948984975606436,1.0,0.0
candidate,40,3,8,19,8.0,0.0,0.27015105745522305,0.18427713532582857,1,1.0,0.05823013433837332,1.0,0.0
candidate,40,3,9,10,2.0,0.0,0.05864862026646733,0.014654192375019193,1,0.0,0.028851656708866358,1.0,0.0
candidate,14,4,0,13,3.0,0.0,0.5400455067622261,0.0675220770190208,1,0.0,0.21759116678549617,1.0,0.0
candidate,14,4,1,49,8.0,0.0,0.49924916256713914,0.07888827014539856,0,0.0,,1.0,0.0
candidate,14,4,2,49,1.0,0.0,0.26904471135071617,0.006926177709829062,0,0.0,,1.0,0.0
candidate,14,4,3,49,6.0,0.0,0.41012813198176445,0.1025254412452341,0,0.0,,1.0,0.0
candidate,14,4,4,49,1.0,0.0,0.2556341440540564,0.030170248821377754,0,0.0,,1.0,0.0
candidate,14,4,5,49,6.0,0.0,0.5561966108216438,0.050752740527968854,0,0.0,,1.0,0.0
candidate,14,4,6,17,1.0,0.0,0.8952776314357607,0.013729860074818134,1,0.0,0.20853588404133916,1.0,0.0
candidate,14,4,7,49,9.0,0.0,0.6839286870890646,0.18190919441985898,0,0.0,,1.0,0.0
candidate,14,4,8,49,0.0,0.0,0.5268621029800897,0.0,0,0.0,,0.0,0.0
candidate,14,4,9,49,4.0,0.0,1.0017480052883911,0.10911230510100722,0,0.0,,1.0,0.0
candidate,24,4,0,9,2.0,0.0,0.03622796735726297,0.01364745618775487,1,0.0,0.01885237731039524,1.0,0.0
candidate,24,4,1,144,12.0,0.0,1.1135057615188089,0.18009402401003172,0,0.0,,1.0,0.0
candidate,24,4,2,144,27.0,0.0,2.3260023409438872,0.8519275526978163,0,0.0,,1.0,0.0
candidate,24,4,3,34,16.0,0.0,1.080303089544941,0.3006087411704357,1,1.0,0.0815411735093221,1.0,0.0
candidate,24,4,4,16,6.0,0.0,0.17218065852648579,0.11410696539678611,1,1.0,0.025802172283874825,1.0,0.0
candidate,24,4,5,24,15.0,0.0,0.8288149605208446,0.48203210958308773,1,0.0,0.22000800589864866,1.0,0.0
candidate,24,4,6,19,9.0,0.0,0.9229161018738523,0.7499993752571754,1,0.0,0.19525674352189526,1.0,0.0
candidate,24,4,7,15,7.0,0.0,0.15639891003957018,0.1343460264033638,1,1.0,0.04887355800019577,1.0,0.0
candidate,24,4,8,20,10.0,0.0,0.31642621711216634,0.20117013833805686,1,1.0,0.023482208081986755,1.0,0.0
candidate,24,4,9,17,4.0,0.0,0.048877419147174805,0.04097436694428325,1,1.0,0.007856762007577345,1.0,0.0
candidate,40,4,0,31,16.0,0.0,1.6487527384306304,1.1148779758659657,1,0.0,0.2628329999570269,1.0,0.0
candidate,40,4,1,32,12.0,0.0,0.6181771128212858,0.15729672172892606,1,1.0,0.041052864402445266,1.0,0.0
candidate,40,4,2,17,3.0,0.0,0.012625202536582947,0.012625202536582947,1,1.0,0.004115656483918428,1.0,0.0
candidate,40,4,3,28,18.0,0.0,1.105471275790478,0.7418241669802228,1,1.0,0.18025378791207913,1.0,0.0
candidate,40,4,4,29,18.0,0.0,0.6770278879048419,0.4210075292212423,1,1.0,0.0785526737672626,1.0,0.0
candidate,40,4,5,28,12.0,0.0,0.7021448486193549,0.3605209125089459,1,1.0,0.15623962180688977,1.0,0.0
candidate,40,4,6,23,9.0,0.0,0.43747897128923796,0.3121092304645572,1,1.0,0.09983728040242568,1.0,0.0
candidate,40,4,7,47,32.0,0.0,1.0336613472976524,0.7562739039898361,1,1.0,0.14850284461374486,1.0,0.0
candidate,40,4,8,57,40.0,0.0,2.478878894744639,1.0012283824180486,1,0.0,0.11744855273263966,1.0,0.0
candidate,40,4,9,25,13.0,0.0,0.7433764347370015,0.5766806941683171,1,1.0,0.11342797835823148,1.0,0.0
endpoint,14,0,0,49,4.0,0.0,0.17412139992887354,0.05546732578329738,0,0.0,,1.0,0.0
endpoint,14,0,1,49,5.0,0.0,0.02548600000398271,0.006839986879640492,0,0.0,,1.0,0.0
endpoint,14,0,2,49,0.0,0.0,0.02516628174478086,0.0,0,0.0,,0.0,0.0
endpoint,14,0,3,49,1.0,0.0,0.1337608409958193,0.007208346854895353,0,0.0,,1.0,0.0
endpoint,14,0,4,49,1.0,0.0,0.17634017202863106,0.008088679052889347,0,0.0,,1.0,0.0
endpoint,14,0,5,15,4.0,0.0,0.16404078452418602,0.016976640255279563,1,0.0,0.11613944928194186,1.0,0.0
endpoint,14,0,6,24,0.0,0.0,0.2283487923846308,0.0,1,0.0,0.03187695254746359,0.0,0.0
endpoint,14,0,7,49,0.0,0.0,0.2318857662436269,0.0,0,0.0,,0.0,0.0
endpoint,14,0,8,49,1.0,0.0,0.12786149112071143,0.008046355098485947,0,0.0,,1.0,0.0
endpoint,14,0,9,49,2.0,0.0,0.09733855549920989,0.012585446402226808,0,0.0,,1.0,0.0
endpoint,24,0,0,31,8.0,0.0,0.8927841221013537,0.06970912849646993,1,0.0,0.22165155826491478,1.0,0.0
endpoint,24,0,1,16,7.0,0.0,0.11367824143235339,0.08996403819037369,1,1.0,0.00838911725077196,1.0,0.0
endpoint,24,0,2,144,15.0,0.0,0.14915697676859896,0.033621628916534974,0,0.0,,1.0,0.0
endpoint,24,0,3,12,4.0,0.0,0.10485969384899363,0.09176701115211472,1,1.0,0.07743464963277802,1.0,0.0
endpoint,24,0,4,144,11.0,0.0,0.6382779780779924,0.06165990748845207,0,0.0,,1.0,0.0
endpoint,24,0,5,17,7.0,0.0,0.30571447202237323,0.18560359795810655,1,0.0,0.20645871490705758,1.0,0.0
endpoint,24,0,6,32,7.0,0.0,0.5200727565595775,0.327632491622353,1,0.0,0.0309373822104817,1.0,0.0
endpoint,24,0,7,144,12.0,0.0,0.5022831201221023,0.35797104881839914,0,0.0,,1.0,0.0
endpoint,24,0,8,13,2.0,0.0,0.15521362656727433,0.021039678948000073,1,0.0,0.052629634737968445,1.0,0.0
endpoint,24,0,9,144,12.0,0.0,1.0265921151698185,0.12182523447024352,0,0.0,,1.0,0.0
endpoint,40,0,0,27,16.0,0.0,0.6175473865969252,0.4511640461805655,1,1.0,0.05460060916811926,1.0,0.0
endpoint,40,0,1,34,18.0,0.0,1.110384360412354,0.8281287665413402,1,0.0,0.06794680728307867,1.0,0.0
endpoint,40,0,2,39,28.0,0.0,1.882673206692516,1.1972946307735128,1,1.0,0.1369295918964326,1.0,0.0
endpoint,40,0,3,24,13.0,0.0,0.3491724068298936,0.23838434627396055,1,0.0,0.0643716954800766,1.0,0.0
endpoint,40,0,4,47,37.0,0.0,2.5184479526361807,1.1261265993155112,1,1.0,0.19508716334294096,1.0,0.0
endpoint,40,0,5,21,12.0,0.0,0.4478093225043267,0.3766303450684063,1,1.0,0.10240393248386681,1.0,0.0
endpoint,40,0,6,40,29.0,0.0,2.636477643449979,1.2499033809813795,1,0.0,0.0794849412476708,1.0,0.0
endpoint,40,0,7,20,9.0,0.0,0.07557548972545192,0.06741185224382207,1,1.0,0.015432175190653652,1.0,0.0
endpoint,40,0,8,15,2.0,0.0,0.006986684398725629,0.006986684398725629,1,1.0,0.005661026807501912,1.0,0.0
endpoint,40,0,9,34,26.0,0.0,1.8802533270936692,1.2764116025391559,1,1.0,0.2268425705478876,1.0,0.0
endpoint,14,1,0,49,0.0,0.0,0.08118774229997161,0.0,0,0.0,,0.0,0.0
endpoint,14,1,1,49,2.0,0.0,0.16127522171834074,0.034273563884198666,0,0.0,,1.0,0.0
endpoint,14,1,2,49,0.0,0.0,0.08118774229983661,0.0,0,0.0,,0.0,0.0
endpoint,14,1,3,49,0.0,0.0,0.17780667031518238,0.0,0,0.0,,0.0,0.0
endpoint,14,1,4,49,0.0,0.0,0.19288669480347398,0.0,0,0.0,,0.0,0.0
endpoint,14,1,5,49,0.0,0.0,0.08118774229987213,0.0,0,0.0,,0.0,0.0
endpoint,14,1,6,49,0.0,0.0,0.08118774229987213,0.0,0,0.0,,0.0,0.0
endpoint,14,1,7,49,0.0,0.0,0.0811877423006182,0.0,0,0.0,,0.0,0.0
endpoint,14,1,8,49,0.0,0.0,0.08118774229996095,0.0,0,0.0,,0.0,0.0
endpoint,14,1,9,49,0.0,0.0,0.17780668521626541,0.0,0,0.0,,0.0,0.0
endpoint,24,1,0,7,0.0,0.0,0.0980640072375536,0.0,1,0.0,0.0980640072375536,0.0,0.0
endpoint,24,1,1,144,1.0,0.0,0.534794283510827,0.0388004407286644,0,0.0,,1.0,0.0
endpoint,24,1,2,144,2.0,0.0,0.3861013395685969,0.057586560025811195,0,0.0,,1.0,0.0
endpoint,24,1,3,133,7.0,0.0,0.502196559574422,0.1228417737656855,1,0.0,0.2112678699195385,1.0,0.0
endpoint,24,1,4,12,3.0,0.0,0.2088539651595056,0.0774556277319789,1,1.0,0.041092784609645605,1.0,0.0
endpoint,24,1,5,11,3.0,0.0,0.22664794325828552,0.1256848811171949,1,1.0,0.08290569018572569,1.0,0.0
endpoint,24,1,6,144,6.0,0.0,0.6893388159202818,0.1698248046450317,0,0.0,,1.0,0.0
endpoint,24,1,7,133,7.0,0.0,0.5191299019633124,0.09545690251979977,1,0.0,0.2112678699195385,1.0,0.0
endpoint,24,1,8,144,3.0,0.0,0.30006820219323416,0.028501054970547557,0,0.0,,1.0,0.0
endpoint,24,1,9,133,5.0,0.0,0.4391407364135844,0.09365553082898259,1,0.0,0.2112678699195385,1.0,0.0
endpoint,40,1,0,381,37.0,0.0,1.9879996737819372,0.5953346043515921,1,0.0,0.320527371019125,1.0,0.0
endpoint,40,1,1,400,29.0,0.0,1.5368886946020033,0.6038692569927662,0,0.0,,1.0,0.0
endpoint,40,1,2,46,15.0,0.0,0.749769325764646,0.3425873616943136,1,0.0,0.004688282846473157,1.0,0.0
endpoint,40,1,3,22,5.0,0.0,1.2934906961818342,0.19314108905382454,1,0.0,0.1375709011699655,1.0,0.0
endpoint,40,1,4,11,3.0,0.0,0.2783074763137847,0.11095863045193255,1,1.0,0.11230624676682055,1.0,0.0
endpoint,40,1,5,20,9.0,0.0,0.2935577041353099,0.20475774008082226,1,0.0,0.032633302675094455,1.0,0.0
endpoint,40,1,6,381,22.0,0.0,1.2946473364297264,0.22132557805161923,1,0.0,0.320527371019125,1.0,0.0
endpoint,40,1,7,11,2.0,0.0,0.18953103199601173,0.13945347676053643,1,1.0,0.09266790538094938,1.0,0.0
endpoint,40,1,8,46,11.0,0.0,0.8688177802141581,0.09348210273310542,1,0.0,0.006401489248673897,1.0,0.0
endpoint,40,1,9,16,6.0,0.0,0.4116757038573269,0.11122462700586766,1,0.0,0.03877581632696092,1.0,0.0
endpoint,14,2,0,31,6.0,0.0,0.21182448335457593,0.1363437061663717,1,1.0,0.06025738385505974,1.0,0.0
endpoint,14,2,1,49,0.0,0.0,0.15619331160299854,0.0,0,0.0,,0.0,0.0
endpoint,14,2,2,49,11.0,0.0,0.27473730918183037,0.09912776788036126,0,0.0,,1.0,0.0
endpoint,14,2,3,49,0.0,0.0,0.07374771386197576,0.0,0,0.0,,0.0,0.0
endpoint,14,2,4,49,8.0,0.0,0.1754878047555124,0.06946874898858368,0,0.0,,1.0,0.0
endpoint,14,2,5,49,4.0,0.0,0.07784087924756022,0.01915905633359216,0,0.0,,1.0,0.0
endpoint,14,2,6,49,3.0,0.0,0.14643896382244748,0.03845759463729337,0,0.0,,1.0,0.0
endpoint,14,2,7,49,2.0,0.0,0.07283697845815595,0.002353137033423991,0,0.0,,1.0,0.0
endpoint,14,2,8,17,6.0,0.0,0.24819962260911343,0.12386489775963128,1,0.0,0.006215419248597032,1.0,0.0
endpoint,14,2,9,49,1.0,0.0,0.12914804328465834,0.004675911710364744,0,0.0,,1.0,0.0
endpoint,24,2,0,144,41.0,0.0,1.1953904693800723,0.27209141427010763,0,0.0,,1.0,0.0
endpoint,24,2,1,144,17.0,0.0,0.8503078416570133,0.21150877404852508,0,0.0,,1.0,0.0
endpoint,24,2,2,16,5.0,0.0,0.28523681237129495,0.1567198180127889,1,0.0,0.04016420367406681,1.0,0.0
endpoint,24,2,3,16,9.0,0.0,0.14832192985340953,0.061716367956250906,1,0.0,0.11043919832445681,1.0,0.0
endpoint,24,2,4,9,1.0,0.0,0.06732493452727795,0.01300322636961937,1,1.0,0.019888177514076233,1.0,0.0
endpoint,24,2,5,21,13.0,0.0,1.0343240359547963,0.9760644804014191,1,1.0,0.11847797846758112,1.0,0.0
endpoint,24,2,6,144,42.0,0.0,0.9743176846668575,0.23783378272219124,0,0.0,,1.0,0.0
endpoint,24,2,7,16,4.0,0.0,0.5801407850231044,0.09564941504504532,1,0.0,0.17833882034756243,1.0,0.0
endpoint,24,2,8,20,9.0,0.0,0.4776163696369622,0.36321693166974,1,1.0,0.10656288242898881,1.0,0.0
endpoint,24,2,9,13,1.0,0.0,0.010352008044719696,0.010352008044719696,1,1.0,0.010352008044719696,1.0,0.0
endpoint,40,2,0,31,20.0,0.0,0.7800961040610446,0.47009217754975907,1,0.0,0.032598876553606715,1.0,0.0
endpoint,40,2,1,25,12.0,0.0,0.2256821328192018,0.19183341978350654,1,0.0,0.04119541039108299,1.0,0.0
endpoint,40,2,2,22,7.0,0.0,0.07097983569838107,0.06981982267461717,1,1.0,0.022846183041110635,1.0,0.0
endpoint,40,2,3,28,19.0,0.0,1.0159658176271478,0.7089463067532051,1,0.0,0.16229497430322226,1.0,0.0
endpoint,40,2,4,25,7.0,0.0,0.1826884524198249,0.16418780060485005,1,1.0,0.055810909369029105,1.0,0.0
endpoint,40,2,5,43,30.0,0.0,1.0655820895172194,0.840329707080909,1,0.0,0.18896082641335532,1.0,0.0
endpoint,40,2,6,30,21.0,0.0,2.107559866119118,0.972110752183653,1,0.0,0.21108383587852586,1.0,0.0
endpoint,40,2,7,26,12.0,0.0,0.691805531787395,0.3532628182802,1,0.0,0.10469702550471993,1.0,0.0
endpoint,40,2,8,28,12.0,0.0,1.0081888238637475,0.9159117911476642,1,1.0,0.16967363974254113,1.0,0.0
endpoint,40,2,9,28,19.0,0.0,0.4984709230775479,0.3520469095383305,1,1.0,0.21277317733620293,1.0,0.0
endpoint,14,3,0,49,7.0,0.0,0.3613866187439916,0.06978096712282422,0,0.0,,1.0,0.0
endpoint,14,3,1,49,0.0,0.0,0.022048136474040803,0.0,0,0.0,,0.0,0.0
endpoint,14,3,2,49,4.0,0.0,0.29637532638904585,0.029706564906518906,0,0.0,,1.0,0.0
endpoint,14,3,3,49,3.0,0.0,0.27937680997092684,0.022524316795170307,0,0.0,,1.0,0.0
endpoint,14,3,4,49,0.0,0.0,0.18462711772291307,0.0,0,0.0,,0.0,0.0
endpoint,14,3,5,39,2.0,0.0,0.08818313892697915,0.01899150526151061,1,0.0,0.011361459735780954,1.0,0.0
endpoint,14,3,6,49,18.0,0.0,0.762720360790297,0.29632217023026897,0,0.0,,1.0,0.0
endpoint,14,3,7,49,0.0,0.0,0.09317066341645841,0.0,0,0.0,,0.0,0.0
endpoint,14,3,8,43,9.0,0.0,0.3159660580449781,0.009188205286591256,1,0.0,0.15575159713625908,1.0,0.0
endpoint,14,3,9,49,7.0,0.0,0.09586500344221349,0.06447828143882361,0,0.0,,1.0,0.0
endpoint,24,3,0,16,3.0,0.0,0.08986568952786911,0.04201378792640753,1,1.0,0.030354150092534837,1.0,0.0
endpoint,24,3,1,86,7.0,0.0,0.5834024332310991,0.08732597157359123,1,0.0,0.0010572368286148048,1.0,0.0
endpoint,24,3,2,22,9.0,0.0,1.1167651352899384,0.4912465599627467,1,0.0,0.026240046402676853,1.0,0.0
endpoint,24,3,3,20,3.0,0.0,0.10739157690841239,0.03077712855883874,1,0.0,0.013898353063268587,1.0,0.0
endpoint,24,3,4,125,0.0,0.0,0.5649974857221345,0.0,1,0.0,0.005027043880545534,0.0,0.0
endpoint,24,3,5,11,1.0,0.0,0.040258177323266864,0.008931889198720455,1,1.0,0.040258177323266864,1.0,0.0
endpoint,24,3,6,20,9.0,0.0,0.45221836848168095,0.4120124496198514,1,1.0,0.07434927681924819,1.0,0.0
endpoint,24,3,7,12,3.0,0.0,0.4827859316719696,0.20307220006361604,1,0.0,0.13731788203585893,1.0,0.0
endpoint,24,3,8,19,8.0,0.0,0.7716172033578914,0.6219349846323894,1,1.0,0.12627028620408964,1.0,0.0
endpoint,24,3,9,144,2.0,0.0,0.6815228762628323,0.028270919108763337,0,0.0,,1.0,0.0
endpoint,40,3,0,24,10.0,0.0,0.40894673771981616,0.3283231874956982,1,1.0,0.06333886853826698,1.0,0.0
endpoint,40,3,1,36,22.0,0.0,1.984880368609538,1.2210211007059115,1,0.0,0.14098764320942792,1.0,0.0
endpoint,40,3,2,24,12.0,0.0,0.3017449888866395,0.25905714166583493,1,1.0,0.12091183594020549,1.0,0.0
endpoint,40,3,3,21,4.0,0.0,0.26137736428063363,0.07998776872409508,1,1.0,0.04441623963066377,1.0,0.0
endpoint,40,3,4,40,20.0,0.0,2.148109946668626,1.1070430637846584,1,0.0,0.03432944072690702,1.0,0.0
endpoint,40,3,5,381,94.0,0.0,1.7526141060794236,0.7798697729534041,1,0.0,0.37356176041066647,1.0,0.0
endpoint,40,3,6,18,6.0,0.0,0.2707576655666344,0.17025227629346773,1,1.0,0.08489539142465219,1.0,0.0
endpoint,40,3,7,26,7.0,0.0,0.7585725567405461,0.08205085288500413,1,0.0,0.06874959997367114,1.0,0.0
endpoint,40,3,8,27,15.0,0.0,0.7969346051268076,0.5740274805702938,1,0.0,0.11664405539522704,1.0,0.0
endpoint,40,3,9,20,11.0,0.0,0.4141224015475018,0.3477949945809087,1,0.0,0.0613355972309364,1.0,0.0
endpoint,14,4,0,49,2.0,0.0,0.06230679444488274,0.009693447907920927,0,0.0,,1.0,0.0
endpoint,14,4,1,49,1.0,0.0,0.041262115888322626,0.00831680279225111,0,0.0,,1.0,0.0
endpoint,14,4,2,49,6.0,0.0,0.05529021563415881,0.012735212105326355,0,0.0,,1.0,0.0
endpoint,14,4,3,24,2.0,0.0,0.1473955165137113,0.028147723991423845,1,0.0,0.017615184619444335,1.0,0.0
endpoint,14,4,4,49,1.0,0.0,0.1506139683056631,0.01391517836600542,0,0.0,,1.0,0.0
endpoint,14,4,5,49,0.0,0.0,0.10821440543141136,0.0,0,0.0,,0.0,0.0
endpoint,14,4,6,49,0.0,0.0,0.19338897059768767,0.0,0,0.0,,0.0,0.0
endpoint,14,4,7,49,4.0,0.0,0.16497872463105523,0.029625987459439784,0,0.0,,1.0,0.0
endpoint,14,4,8,49,2.0,0.0,0.2276043290470171,0.00698035181267187,0,0.0,,1.0,0.0
endpoint,14,4,9,49,7.0,0.0,0.14064560510675506,0.0150374238146469,0,0.0,,1.0,0.0
endpoint,24,4,0,14,8.0,0.0,0.8805194530286826,0.5314456481282832,1,0.0,0.11088013008702546,1.0,0.0
endpoint,24,4,1,11,1.0,0.0,0.052091496472712606,0.014547271013725549,1,1.0,0.017313264368567616,1.0,0.0
endpoint,24,4,2,144,2.0,0.0,0.25081791665417086,0.003713410464115441,0,0.0,,1.0,0.0
endpoint,24,4,3,9,1.0,0.0,0.03352941293269396,0.013855435885488987,1,0.0,0.01247449778020382,1.0,0.0
endpoint,24,4,4,25,15.0,0.0,0.7106370678794391,0.4733964757476983,1,1.0,0.0055837721389124795,1.0,0.0
endpoint,24,4,5,45,3.0,0.0,0.2940626851184136,0.0738107148790732,1,0.0,0.008233727424314524,1.0,0.0
endpoint,24,4,6,144,8.0,0.0,0.45899678689033424,0.2531589808568242,0,0.0,,1.0,0.0
endpoint,24,4,7,144,5.0,0.0,0.21092131623922228,0.021679742058040574,0,0.0,,1.0,0.0
endpoint,24,4,8,25,4.0,0.0,0.49738071140775675,0.04140238417312503,1,0.0,0.0930264749757308,1.0,0.0
endpoint,24,4,9,144,25.0,0.0,0.7880734199698054,0.16272586242848774,0,0.0,,1.0,0.0
endpoint,40,4,0,36,21.0,0.0,2.2185907399409643,0.844435885374196,1,1.0,0.16423320307785616,1.0,0.0
endpoint,40,4,1,24,12.0,0.0,0.6558554934890708,0.420419067129842,1,1.0,0.08323507435852662,1.0,0.0
endpoint,40,4,2,28,12.0,0.0,0.47544803068740293,0.3138363762409426,1,1.0,0.2399796034442261,1.0,0.0
endpoint,40,4,3,57,40.0,0.0,1.7083336969300171,0.4329400319353618,1,0.0,0.029191836466194054,1.0,0.0
endpoint,40,4,4,19,6.0,0.0,0.1759376433037687,0.03818672604393214,1,0.0,0.055353541363729164,1.0,0.0
endpoint,40,4,5,28,14.0,0.0,0.8227957510389388,0.7226572448525985,1,1.0,0.1102114743043785,1.0,0.0
endpoint,40,4,6,20,8.0,0.0,0.13751578485243954,0.09167770459316671,1,1.0,0.021340626437449828,1.0,0.0
endpoint,40,4,7,59,49.0,0.0,1.4632630282909498,1.1068401486286836,1,0.0,0.01693022956250615,1.0,0.0
endpoint,40,4,8,16,4.0,0.0,0.060242698760703206,0.060242698760703206,1,1.0,0.019254873739555478,1.0,0.0
endpoint,40,4,9,34,22.0,0.0,3.2421246467092715,2.3085770616162336,1,1.0,0.14098377794289263,1.0,0.0
gnn,14,0,0,49,0.0,0.0,0.10671732670891743,0.0,0,0.0,,0.0,0.0
gnn,14,0,1,9,0.0,0.0,0.10787762590916827,0.0,1,0.0,0.02816963760415092,0.0,0.0
gnn,14,0,2,49,0.0,0.0,0.077039451084147,0.0,0,0.0,,0.0,0.0
gnn,14,0,3,49,0.0,0.0,0.11528089961211663,0.0,0,0.0,,0.0,0.0
gnn,14,0,4,49,0.0,0.0,0.1624582371712222,0.0,0,0.0,,0.0,0.0
gnn,14,0,5,49,0.0,0.0,0.06057984363667401,0.0,0,0.0,,0.0,0.0
gnn,14,0,6,49,0.0,0.0,0.06253112201829936,0.0,0,0.0,,0.0,0.0
gnn,14,0,7,49,0.0,0.0,0.1626920945918755,0.0,0,0.0,,0.0,0.0
gnn,14,0,8,49,0.0,0.0,0.13951559810652725,0.0,0,0.0,,0.0,0.0
gnn,14,0,9,49,1.0,0.0,0.12887008110436682,0.002859329804778099,0,0.0,,1.0,0.0
gnn,24,0,0,144,0.0,0.0,1.4378359936955434,0.0,0,0.0,,0.0,0.0
gnn,24,0,1,24,0.0,0.0,1.5862357422884088,0.0,1,0.0,0.14581652024935465,0.0,0.0
gnn,24,0,2,17,0.0,0.0,0.5226832213811576,0.0,1,0.0,0.2191374262329191,0.0,0.0
gnn,24,0,3,14,0.0,0.0,0.4106666232692078,0.0,1,0.0,0.13068639277480543,0.0,0.0
gnn,24,0,4,144,0.0,0.0,0.7275955846571662,0.0,0,0.0,,0.0,0.0
gnn,24,0,5,15,2.0,0.0,0.43306891387328506,0.02330663613975048,1,0.0,0.16594541957601905,1.0,0.0
gnn,24,0,6,144,0.0,0.0,0.42246467854073444,0.0,0,0.0,,0.0,0.0
gnn,24,0,7,15,0.0,0.0,0.46999985130969435,0.0,1,0.0,0.15383417846169323,0.0,0.0
gnn,24,0,8,23,0.0,0.0,1.3730651318396667,0.0,1,0.0,0.14112292483514466,0.0,0.0
gnn,24,0,9,144,0.0,0.0,0.7249689153037195,0.0,0,0.0,,0.0,0.0
gnn,40,0,0,31,0.0,0.0,1.8945037468802184,0.0,1,0.0,0.20784237730549648,0.0,0.0
gnn,40,0,1,32,0.0,0.0,1.5735187802929431,0.0,1,0.0,0.3062901236116886,0.0,0.0
gnn,40,0,2,33,4.0,0.0,2.0277909511351027,0.014561733463779092,1,0.0,0.22724941949127242,1.0,0.0
gnn,40,0,3,35,2.0,0.0,3.364369227376301,0.028317072428762913,1,0.0,0.2959976247511804,1.0,0.0
gnn,40,0,4,32,0.0,0.0,2.545799908839399,0.0,1,0.0,0.25370798163930885,0.0,0.0
gnn,40,0,5,27,0.0,0.0,1.2151012871181592,0.0,1,0.0,0.21001166885253042,0.0,0.0
gnn,40,0,6,25,1.0,0.0,0.8570812485413626,0.004866404924541712,1,0.0,0.12857971084304154,1.0,0.0
gnn,40,0,7,30,0.0,0.0,1.3329268742818385,0.0,1,0.0,0.17238632740918547,0.0,0.0
gnn,40,0,8,18,1.0,0.0,0.24541420361492783,0.003973537124693394,1,0.0,0.052665427210740745,1.0,0.0
gnn,40,0,9,38,5.0,0.0,2.7683731018114486,0.011769632925279438,1,0.0,0.24936650074232602,1.0,0.0
gnn,14,1,0,49,0.0,0.0,0.020177775637010953,0.0,0,0.0,,0.0,0.0
gnn,14,1,1,49,0.0,0.0,0.005555399684656681,0.0,0,0.0,,0.0,0.0
gnn,14,1,2,49,0.0,0.0,0.04263339882074613,0.0,0,0.0,,0.0,0.0
gnn,14,1,3,49,0.0,0.0,0.014528249051121378,0.0,0,0.0,,0.0,0.0
gnn,14,1,4,49,0.0,0.0,0.0484336337420328,0.0,0,0.0,,0.0,0.0
gnn,14,1,5,49,0.0,0.0,0.02569351965939859,0.0,0,0.0,,0.0,0.0
gnn,14,1,6,49,5.0,0.0,0.008069040274466754,0.0010745573912829265,0,0.0,,1.0,0.0
gnn,14,1,7,49,0.0,0.0,0.012950784344023303,0.0,0,0.0,,0.0,0.0
gnn,14,1,8,49,0.0,0.0,0.046285097781304074,0.0,0,0.0,,0.0,0.0
gnn,14,1,9,49,0.0,0.0,0.003071726097205074,0.0,0,0.0,,0.0,0.0
gnn,24,1,0,144,0.0,0.0,0.3578102040587601,0.0,0,0.0,,0.0,0.0
gnn,24,1,1,24,2.0,0.0,0.3629751928939413,0.009625951148336753,1,0.0,0.15894887460603968,1.0,0.0
gnn,24,1,2,144,0.0,0.0,0.7723304858406632,0.0,0,0.0,,0.0,0.0
gnn,24,1,3,144,1.0,0.0,0.10281498150283308,0.0051973904483020306,0,0.0,,1.0,0.0
gnn,24,1,4,18,0.0,0.0,0.05987715057563037,0.0,1,0.0,0.03926052141468972,0.0,0.0
gnn,24,1,5,144,0.0,0.0,0.30907850213781185,0.0,0,0.0,,0.0,0.0
gnn,24,1,6,22,0.0,0.0,0.5846953105501598,0.0,1,0.0,0.07873556499544065,0.0,0.0
gnn,24,1,7,144,1.0,0.0,0.05412026222885252,0.0051973904483020306,0,0.0,,1.0,0.0
gnn,24,1,8,20,0.0,0.0,0.23520779260798008,0.0,1,0.0,0.12665882817600504,0.0,0.0
gnn,24,1,9,21,2.0,0.0,0.18625161988893524,0.016863451106473804,1,0.0,0.09867765923263505,1.0,0.0
gnn,40,1,0,32,4.0,0.0,0.3765301193925552,0.11097256874199957,1,0.0,0.2598253298783675,1.0,0.0
gnn,40,1,1,32,0.0,0.0,0.6736735815356951,0.0,1,0.0,0.11453055086894892,0.0,0.0
gnn,40,1,2,32,2.0,0.0,0.6089508751465473,0.005171356489881873,1,0.0,0.22554304150980897,1.0,0.0
gnn,40,1,3,34,1.0,0.0,1.0840198471560143,0.002740614698268473,1,0.0,0.2658198419958353,1.0,0.0
gnn,40,1,4,400,0.0,0.0,0.39473765604756217,0.0,0,0.0,,0.0,0.0
gnn,40,1,5,37,1.0,0.0,0.4138891486800276,0.0025394305121153593,1,0.0,0.23015505669172853,1.0,0.0
gnn,40,1,6,34,0.0,0.0,0.9273293065198231,0.0,1,0.0,0.2489352379925549,0.0,0.0
gnn,40,1,7,41,8.0,0.0,1.6671378192404518,0.06840434100013226,1,0.0,0.3410136916936608,1.0,0.0
gnn,40,1,8,35,2.0,0.0,0.6869274823548039,0.008814538363367319,1,0.0,0.062338893929336336,1.0,0.0
gnn,40,1,9,45,1.0,0.0,2.77498622443645,0.04432937206001952,1,0.0,0.14954526636828191,1.0,0.0
gnn,14,2,0,49,0.0,0.0,0.3864788930552123,0.0,0,0.0,,0.0,0.0
gnn,14,2,1,49,1.0,0.0,0.026206960110894073,0.001789794652722776,0,0.0,,1.0,0.0
gnn,14,2,2,49,0.0,0.0,0.05055356430781899,0.0,0,0.0,,0.0,0.0
gnn,14,2,3,49,0.0,0.0,0.02047312641110466,0.0,0,0.0,,0.0,0.0
gnn,14,2,4,49,0.0,0.0,0.02418009410632571,0.0,0,0.0,,0.0,0.0
gnn,14,2,5,49,0.0,0.0,0.05667007535355495,0.0,0,0.0,,0.0,0.0
gnn,14,2,6,49,0.0,0.0,0.025290637768698332,0.0,0,0.0,,0.0,0.0
gnn,14,2,7,49,0.0,0.0,0.006304374978165939,0.0,0,0.0,,0.0,0.0
gnn,14,2,8,49,0.0,0.0,0.41263892847096173,0.0,0,0.0,,0.0,0.0
gnn,14,2,9,49,1.0,0.0,0.1211684235408299,0.0008021094254218042,0,0.0,,1.0,0.0
gnn,24,2,0,26,1.0,0.0,1.588607718176263,0.03863694332540035,1,0.0,0.023988791605006554,1.0,0.0
gnn,24,2,1,144,0.0,0.0,0.9554071440455338,0.0,0,0.0,,0.0,0.0
gnn,24,2,2,144,1.0,0.0,0.36204008135729415,0.005187197122722864,0,0.0,,1.0,0.0
gnn,24,2,3,144,1.0,0.0,0.5241980059480316,0.004211791325360537,0,0.0,,1.0,0.0
gnn,24,2,4,144,0.0,0.0,1.3617276655490977,0.0,0,0.0,,0.0,0.0
gnn,24,2,5,23,0.0,0.0,0.33016508037326275,0.0,1,0.0,0.10740432657985366,0.0,0.0
gnn,24,2,6,144,1.0,0.0,0.2986606811630308,0.0041141752153635025,0,0.0,,1.0,0.0
gnn,24,2,7,22,0.0,0.0,0.09674281638581306,0.0,1,0.0,0.037316998350434005,0.0,0.0
gnn,24,2,8,144,1.0,0.0,1.0193460345047702,0.011280925013124943,0,0.0,,1.0,0.0
gnn,24,2,9,18,0.0,0.0,0.1630765437730588,0.0,1,0.0,0.0898806942277588,0.0,0.0
gnn,40,2,0,45,0.0,0.0,2.494341875535156,0.0,1,0.0,0.16843951363944143,0.0,0.0
gnn,40,2,1,32,0.0,0.0,0.30828887881943956,0.0,1,0.0,0.09535739809507504,0.0,0.0
gnn,40,2,2,32,4.0,0.0,0.7482313142390922,0.06012618774548173,1,0.0,0.16707130637951195,1.0,0.0
gnn,40,2,3,41,4.0,0.0,2.356670264576678,0.013874905474949628,1,0.0,0.31460463423718465,1.0,0.0
gnn,40,2,4,35,1.0,0.0,1.0238127381016966,0.0039793746545910835,1,0.0,0.12943814173922874,1.0,0.0
gnn,40,2,5,33,4.0,0.0,0.39064853556919843,0.0694050521706231,1,0.0,0.16174818546278402,1.0,0.0
gnn,40,2,6,40,1.0,0.0,2.530696088797413,0.002234560321085155,1,0.0,0.33835117956914473,1.0,0.0
gnn,40,2,7,36,4.0,0.0,1.5479978213552386,0.1563341627479531,1,1.0,0.2354735124972649,1.0,0.0
gnn,40,2,8,36,4.0,0.0,0.9772837616328616,0.1589360500802286,1,0.0,0.34987157382420264,1.0,0.0
gnn,40,2,9,45,7.0,0.0,2.6991252018087835,0.16294003741495544,1,0.0,0.1327936314355611,1.0,0.0
gnn,14,3,0,49,3.0,0.0,0.06649410118680521,0.0032847701804712415,0,0.0,,1.0,0.0
gnn,14,3,1,49,0.0,0.0,0.09380009934770328,0.0,0,0.0,,0.0,0.0
gnn,14,3,2,28,0.0,0.0,0.030442114686593413,0.0,1,0.0,0.009978527203202248,0.0,0.0
gnn,14,3,3,49,0.0,0.0,0.03752368564499875,0.0,0,0.0,,0.0,0.0
gnn,14,3,4,49,0.0,0.0,0.05106049817732128,0.0,0,0.0,,0.0,0.0
gnn,14,3,5,49,1.0,0.0,0.1106095577373516,0.012459850757522872,0,0.0,,1.0,0.0
gnn,14,3,6,14,2.0,0.0,0.042478154444893335,0.0014012972242198884,1,0.0,0.009540607203575746,1.0,0.0
gnn,14,3,7,49,0.0,0.0,0.06795656138092454,0.0,0,0.0,,0.0,0.0
gnn,14,3,8,49,1.0,0.0,0.07717146733193658,0.0015807964373379946,0,0.0,,1.0,0.0
gnn,14,3,9,49,1.0,0.0,0.04958005666644283,0.0013122614436724689,0,0.0,,1.0,0.0
gnn,24,3,0,144,0.0,0.0,0.7029681246266364,0.0,0,0.0,,0.0,0.0
gnn,24,3,1,23,2.0,0.0,0.9215924555664969,0.007250101072713733,1,0.0,0.05937272034725538,1.0,0.0
gnn,24,3,2,15,0.0,0.0,0.22363017476163805,0.0,1,0.0,0.06301658775191754,0.0,0.0
gnn,24,3,3,144,0.0,0.0,0.8139531028037936,0.0,0,0.0,,0.0,0.0
gnn,24,3,4,144,3.0,0.0,0.5814205927473495,0.014435974431762588,0,0.0,,1.0,0.0
gnn,24,3,5,19,0.0,0.0,0.23395081312628463,0.0,1,0.0,0.13282374473055825,0.0,0.0
gnn,24,3,6,31,0.0,0.0,0.8347841702673122,0.0,1,0.0,0.02188405798824533,0.0,0.0
gnn,24,3,7,144,1.0,0.0,0.3469447119518634,0.0051668702508322895,0,0.0,,1.0,0.0
gnn,24,3,8,144,0.0,0.0,0.42238787492614627,0.0,0,0.0,,0.0,0.0
gnn,24,3,9,144,0.0,0.0,0.30895581253764703,0.0,0,0.0,,0.0,0.0
gnn,40,3,0,29,1.0,0.0,0.6568478174740449,0.006928079528734088,1,0.0,0.2643560793949291,1.0,0.0
gnn,40,3,1,28,1.0,0.0,0.5743138052639551,0.020806849119253457,1,0.0,0.1867209993652068,1.0,0.0
gnn,40,3,2,23,1.0,0.0,0.13374895113520324,0.002697470597922802,1,0.0,0.051696012378670275,1.0,0.0
gnn,40,3,3,32,1.0,0.0,0.9294492458429886,0.017388481413945556,1,0.0,0.2602081777731655,1.0,0.0
gnn,40,3,4,30,3.0,0.0,0.8800021128263324,0.02553240768611431,1,0.0,0.18648941925494,1.0,0.0
gnn,40,3,5,29,1.0,0.0,0.4799694088869728,0.008624038193374872,1,0.0,0.07154392838128842,1.0,0.0
gnn,40,3,6,35,2.0,0.0,1.2345571224468586,0.009309560991823673,1,0.0,0.09660584575976827,1.0,0.0
gnn,40,3,7,37,3.0,0.0,1.0411104300642364,0.039208445814438164,1,0.0,0.03341292992809031,1.0,0.0
gnn,40,3,8,20,0.0,0.0,0.006298280961345881,0.0,1,0.0,0.0011325277155265212,0.0,0.0
gnn,40,3,9,28,2.0,0.0,1.123371927504195,0.0044835039880126715,1,0.0,0.2544027201074641,1.0,0.0
gnn,14,4,0,49,0.0,0.0,0.04148448444902897,0.0,0,0.0,,0.0,0.0
gnn,14,4,1,49,0.0,0.0,0.0581744995979534,0.0,0,0.0,,0.0,0.0
gnn,14,4,2,49,0.0,0.0,0.018092994578182697,0.0,0,0.0,,0.0,0.0
gnn,14,4,3,49,0.0,0.0,0.19298866647295654,0.0,0,0.0,,0.0,0.0
gnn,14,4,4,49,0.0,0.0,0.0032784930981506477,0.0,0,0.0,,0.0,0.0
gnn,14,4,5,49,0.0,0.0,0.21402253648011538,0.0,0,0.0,,0.0,0.0
gnn,14,4,6,49,0.0,0.0,0.10315879993504495,0.0,0,0.0,,0.0,0.0
gnn,14,4,7,49,0.0,0.0,0.032640117598930374,0.0,0,0.0,,0.0,0.0
gnn,14,4,8,49,0.0,0.0,0.018093007383868098,0.0,0,0.0,,0.0,0.0
gnn,14,4,9,49,0.0,0.0,0.0180930036585778,0.0,0,0.0,,0.0,0.0
gnn,24,4,0,144,0.0,0.0,0.337084641751062,0.0,0,0.0,,0.0,0.0
gnn,24,4,1,144,0.0,0.0,0.5794394564218237,0.0,0,0.0,,0.0,0.0
gnn,24,4,2,100,0.0,0.0,0.1805775766260922,0.0,1,0.0,0.013638021686347201,0.0,0.0
gnn,24,4,3,144,0.0,0.0,0.18151059010415338,0.0,0,0.0,,0.0,0.0
gnn,24,4,4,6,0.0,0.0,0.2562876045703888,0.0,1,0.0,0.2562876045703888,0.0,0.0
gnn,24,4,5,144,1.0,0.0,0.13364672919851728,0.001584995654411614,0,0.0,,1.0,0.0
gnn,24,4,6,144,1.0,0.0,0.11035370963509195,0.0002977717813337222,0,0.0,,1.0,0.0
gnn,24,4,7,144,0.0,0.0,0.4155358419975528,0.0,0,0.0,,0.0,0.0
gnn,24,4,8,10,0.0,0.0,0.3978213667869568,0.0,1,0.0,0.1663803905248642,0.0,0.0
gnn,24,4,9,144,0.0,0.0,0.5080959027473,0.0,0,0.0,,0.0,0.0
gnn,40,4,0,400,0.0,0.0,1.1963945381448866,0.0,0,0.0,,0.0,0.0
gnn,40,4,1,10,0.0,0.0,0.34903937578201294,0.0,1,0.0,0.18501487374305725,0.0,0.0
gnn,40,4,2,400,0.0,0.0,1.2987849349774478,0.0,0,0.0,,0.0,0.0
gnn,40,4,3,314,0.0,0.0,0.9389888606692693,0.0,1,0.0,0.0006041221786290407,0.0,0.0
gnn,40,4,4,9,0.0,0.0,0.47607623040676117,0.0,1,0.0,0.25721853971481323,0.0,0.0
gnn,40,4,5,7,0.0,0.0,0.16402390599250793,0.0,1,0.0,0.16402390599250793,0.0,0.0
gnn,40,4,6,400,0.0,0.0,0.5536354457499328,0.0,0,0.0,,0.0,0.0
gnn,40,4,7,310,0.0,0.0,1.5187291107104102,0.0,1,0.0,0.023617810191353783,0.0,0.0
gnn,40,4,8,291,0.0,0.0,2.602565806296866,0.0,1,0.0,0.025548335950588807,0.0,0.0
gnn,40,4,9,400,1.0,0.0,0.7799466506317003,0.00014695660502184182,0,0.0,,1.0,0.0
mlp,14,0,0,49,,,0.3300319783089378,,0,,,,
mlp,14,0,1,49,,,0.5510080511515412,,0,,,,
mlp,14,0,2,21,,,0.6161392858676322,,1,,0.06302517911899486,,
mlp,14,0,3,49,,,0.7093147815576231,,0,,,,
mlp,14,0,4,6,,,0.0321867847815156,,1,,0.0321867847815156,,
mlp,14,0,5,49,,,0.1848418306685744,,0,,,,
mlp,14,0,6,17,,,0.22774683806710527,,1,,0.047015260035550455,,
mlp,14,0,7,18,,,0.1609996756669716,,1,,0.017748523503541946,,
mlp,14,0,8,16,,,0.31839981280703,,1,,0.0337680290795106,,
mlp,14,0,9,49,,,0.289700899811578,,0,,,,
mlp,24,0,0,11,,,0.28854381816927344,,1,,0.08352998399641365,,
mlp,24,0,1,34,,,1.5620413911656215,,1,,0.06183951193452231,,
mlp,24,0,2,144,,,2.1067645692892256,,0,,,,
mlp,24,0,3,12,,,0.05248881148872897,,1,,0.02285523308091797,,
mlp,24,0,4,25,,,0.45894795134850597,,1,,0.10891717622840247,,
mlp,24,0,5,12,,,0.020408394280821085,,1,,0.020408394280821085,,
mlp,24,0,6,23,,,0.1871847701168008,,1,,0.03623577753387508,,
mlp,24,0,7,15,,,0.19894314178236527,,1,,0.03150484822981525,,
mlp,24,0,8,21,,,0.20282719729902965,,1,,0.027798071037523187,,
mlp,24,0,9,16,,,0.15179174896911718,,1,,0.07381026339135133,,
mlp,14,1,0,18,,,0.907695107805921,,1,,0.21396684681531042,,
mlp,14,1,1,49,,,0.23640672725196055,,0,,,,
mlp,14,1,2,14,,,0.15058363088792248,,1,,0.1207651869935944,,
mlp,14,1,3,49,,,0.2553333344294515,,0,,,,
mlp,14,1,4,49,,,0.13707324606366456,,0,,,,
mlp,14,1,5,10,,,0.10807907592970878,,1,,0.06154074426740408,,
mlp,14,1,6,49,,,0.32859961796384596,,0,,,,
mlp,14,1,7,49,,,0.7985881188296844,,0,,,,
mlp,14,1,8,14,,,0.40096817752367997,,1,,0.1373591249639503,,
mlp,14,1,9,17,,,0.3843648900219705,,1,,0.3202953040599823,,
mlp,24,1,0,144,,,0.684618304409014,,0,,,,
mlp,24,1,1,144,,,0.43594720569126366,,0,,,,
mlp,24,1,2,31,,,1.1843755321810931,,1,,0.18376335808125077,,
mlp,24,1,3,144,,,0.39161635364598624,,0,,,,
mlp,24,1,4,15,,,0.31131523005024064,,1,,0.055902800711919554,,
mlp,24,1,5,35,,,2.0191127638579474,,1,,0.19720712052003364,,
mlp,24,1,6,19,,,0.4654830840372597,,1,,0.05008117040961224,,
mlp,24,1,7,32,,,4.654110786768797,,1,,0.250068001645559,,
mlp,24,1,8,9,,,0.1252325049135834,,1,,0.04043085523881018,,
mlp,24,1,9,29,,,0.6934443681805078,,1,,0.21755480209878897,,
mlp,14,2,0,49,,,0.7206637197309647,,0,,,,
mlp,14,2,1,49,,,0.12120114540448412,,0,,,,
mlp,14,2,2,49,,,0.5689684562094044,,0,,,,
mlp,14,2,3,49,,,0.4098440064844908,,0,,,,
mlp,14,2,4,49,,,0.8902878567442016,,0,,,,
mlp,14,2,5,13,,,0.19819102715700865,,1,,0.030762468930333853,,
mlp,14,2,6,9,,,0.10102326679043472,,1,,0.030437730252742767,,
mlp,14,2,7,20,,,0.4111861489169186,,1,,0.02454517867317918,,
mlp,14,2,8,49,,,0.39205872036450273,,0,,,,
mlp,14,2,9,16,,,0.22646849596640095,,1,,0.061883825808763504,,
mlp,24,2,0,50,,,2.137957402998815,,1,,0.03321571444394067,,
mlp,24,2,1,10,,,0.05010334216058254,,1,,0.03152129612863064,,
mlp,24,2,2,24,,,0.7142947113097762,,1,,0.030587625635234872,,
mlp,24,2,3,144,,,0.9094844929995816,,0,,,,
mlp,24,2,4,35,,,0.6738796424579903,,1,,0.030678617800390384,,
mlp,24,2,5,27,,,0.30446158270316914,,1,,0.17584664150965068,,
mlp,24,2,6,144,,,0.5978131490596752,,0,,,,
mlp,24,2,7,144,,,2.428532771803475,,0,,,,
mlp,24,2,8,32,,,0.6163849945187394,,1,,0.08789239258879888,,
mlp,24,2,9,12,,,0.11321219592355192,,1,,0.06535288202576339,,
mlp,14,3,0,49,,,0.4313906457682606,,0,,,,
mlp,14,3,1,16,,,0.17120309555886593,,1,,0.037001351578510366,,
mlp,14,3,2,16,,,0.303684114994212,,1,,0.0766554758156417,,
mlp,14,3,3,22,,,0.24227180870957454,,1,,0.03747233409922046,,
mlp,14,3,4,49,,,0.4982655742305724,,0,,,,
mlp,14,3,5,20,,,0.6439890112827129,,1,,0.12203401944134384,,
mlp,14,3,6,10,,,0.19524700718466192,,1,,0.080981336068362,,
mlp,14,3,7,8,,,0.00692245239042677,,1,,0.006480478565208614,,
mlp,14,3,8,49,,,0.14086461292026797,,0,,,,
mlp,14,3,9,9,,,0.40615348785649985,,1,,0.20721198723185807,,
mlp,24,3,0,144,,,1.8942027799282641,,0,,,,
mlp,24,3,1,34,,,0.2663992587768007,,1,,0.01619760593166575,,
mlp,24,3,2,17,,,0.516106106715597,,1,,0.075982797130564,,
mlp,24,3,3,23,,,0.34900820353868767,,1,,0.02360248895638506,,
mlp,24,3,4,10,,,0.1565240129129961,,1,,0.06335707672405988,,
mlp,24,3,5,17,,,0.20415884280373575,,1,,0.17672891452821204,,
mlp,24,3,6,35,,,1.3772124493607691,,1,,0.08064849084880166,,
mlp,24,3,7,29,,,0.8036275238341659,,1,,0.01644575922000513,,
mlp,24,3,8,24,,,0.6648121294538214,,1,,0.04225887916254578,,
mlp,24,3,9,8,,,0.10895355138927698,,1,,0.04918219707906246,,
mlp,14,4,0,49,,,0.6558267555956263,,0,,,,
mlp,14,4,1,49,,,0.4196137190738227,,0,,,,
mlp,14,4,2,49,,,0.6720392402603466,,0,,,,
mlp,14,4,3,22,,,0.5376474702425185,,1,,0.07517383582307957,,
mlp,14,4,4,26,,,0.43082431827497203,,1,,0.11742015439085662,,
mlp,14,4,5,15,,,0.24086461630849954,,1,,0.08422588059329428,,
mlp,14,4,6,49,,,0.4607544494792819,,0,,,,
mlp,14,4,7,49,,,0.3393581206814815,,0,,,,
mlp,14,4,8,18,,,0.5376618504524231,,1,,0.12795721826842055,,
mlp,14,4,9,49,,,0.24524644413395436,,0,,,,
mlp,24,4,0,32,,,1.1577297027506575,,1,,0.08569506794447079,,
mlp,24,4,1,32,,,0.9023095413306237,,1,,0.093134450909929,,
mlp,24,4,2,10,,,0.06600211682962254,,1,,0.02021957829128951,,
mlp,24,4,3,144,,,1.3078508492889114,,0,,,,
mlp,24,4,4,37,,,0.8424627816857537,,1,,0.10928755745408125,,
mlp,24,4,5,52,,,0.9250546962248336,,1,,0.03942932782229036,,
mlp,24,4,6,40,,,0.8841538711130852,,1,,0.035583259945269674,,
mlp,24,4,7,28,,,1.9485757201211982,,1,,0.1601156805534174,,
mlp,24,4,8,14,,,0.5563327525160275,,1,,0.10158875249908306,,
mlp,24,4,9,34,,,0.5877066229534194,,1,,0.12414749348022269,,
untrained_gnn,14,0,0,12,0.0,0.0,0.7802845276892185,0.0,1,0.0,0.4502389244735241,0.0,0.0
untrained_gnn,14,0,1,16,0.0,0.0,0.8409515880048275,0.0,1,0.0,0.18148848600685596,0.0,0.0
untrained_gnn,14,0,2,10,1.0,0.0,0.2584329033270478,0.02433784119784832,1,0.0,0.12171681970357895,1.0,0.0
untrained_gnn,14,0,3,11,0.0,0.0,0.636732161976397,0.0,1,0.0,0.443727795034647,0.0,0.0
untrained_gnn,14,0,4,13,0.0,0.0,1.0692029166966677,0.0,1,0.0,0.4152042157948017,0.0,0.0
untrained_gnn,14,0,5,13,0.0,0.0,1.2322717178612947,0.0,1,0.0,0.4238043138757348,0.0,0.0
untrained_gnn,14,0,6,14,0.0,0.0,0.9295472791418433,0.0,1,0.0,0.24996426049619913,0.0,0.0
untrained_gnn,14,0,7,18,0.0,0.0,3.162569564767182,0.0,1,0.0,0.3521370403468609,0.0,0.0
untrained_gnn,14,0,8,16,0.0,0.0,2.0032483339309692,0.0,1,0.0,0.37490671686828136,0.0,0.0
untrained_gnn,14,0,9,13,0.0,0.0,0.9536700211465359,0.0,1,0.0,0.4233353976160288,0.0,0.0
untrained_gnn,24,0,0,23,2.0,0.0,1.3572922185994685,0.015618672128766775,1,0.0,0.45859877951443195,1.0,0.0
untrained_gnn,24,0,1,23,0.0,0.0,1.6383503824472427,0.0,1,0.0,0.35018831584602594,0.0,0.0
untrained_gnn,24,0,2,22,0.0,0.0,2.1002201882656664,0.0,1,0.0,0.4613851476460695,0.0,0.0
untrained_gnn,24,0,3,16,0.0,0.0,0.3633731985464692,0.0,1,0.0,0.12577745295129716,0.0,0.0
untrained_gnn,24,0,4,11,0.0,0.0,0.003661960130557418,0.0,1,0.0,0.003661960130557418,0.0,0.0
untrained_gnn,24,0,5,24,2.0,0.0,1.0150697557255626,0.06787649029865861,1,0.0,0.37222948716953397,1.0,0.0
untrained_gnn,24,0,6,19,0.0,0.0,0.43367951666004956,0.0,1,0.0,0.18078494491055608,0.0,0.0
untrained_gnn,24,0,7,20,0.0,0.0,0.34639086946845055,0.0,1,0.0,0.16633432125672698,0.0,0.0
untrained_gnn,24,0,8,26,0.0,0.0,2.7891284227371216,0.0,1,0.0,0.42724350187927485,0.0,0.0
untrained_gnn,24,0,9,21,0.0,0.0,0.9882389779668301,0.0,1,0.0,0.3634077492170036,0.0,0.0
untrained_gnn,40,0,0,24,0.0,0.0,0.255801553837955,0.0,1,0.0,0.06041066185571253,0.0,0.0
untrained_gnn,40,0,1,31,0.0,0.0,0.4618115032790229,0.0,1,0.0,0.08653598930686712,0.0,0.0
untrained_gnn,40,0,2,18,0.0,0.0,0.03772339166607708,0.0,1,0.0,0.010177155607379973,0.0,0.0
untrained_gnn,40,0,3,37,1.0,0.0,1.6322637910488993,0.02934022224508226,1,0.0,0.23439741786569357,1.0,0.0
untrained_gnn,40,0,4,33,0.0,0.0,0.7435768598224968,0.0,1,0.0,0.2825961542548612,0.0,0.0
untrained_gnn,40,0,5,29,0.0,0.0,0.8272090138634667,0.0,1,0.0,0.16441200987901539,0.0,0.0
untrained_gnn,40,0,6,28,0.0,0.0,0.4151845449814573,0.0,1,0.0,0.04854334471747279,0.0,0.0
untrained_gnn,40,0,7,15,2.0,0.0,0.02235666464548558,0.0049316734075546265,1,0.0,0.00626029132399708,1.0,0.0
untrained_gnn,40,0,8,26,0.0,0.0,0.3447319520637393,0.0,1,0.0,0.11160321219358593,0.0,0.0
untrained_gnn,40,0,9,35,5.0,0.0,1.595287196105346,0.08152442483697087,1,0.0,0.24238716810941696,1.0,0.0
untrained_gnn,14,1,0,10,2.0,0.0,0.33973447140306234,0.05338074266910553,1,0.0,0.15481269266456366,1.0,0.0
untrained_gnn,14,1,1,12,1.0,0.0,0.4690264714881778,0.05952199548482895,1,0.0,0.18252380285412073,1.0,0.0
untrained_gnn,14,1,2,15,0.0,0.0,1.275007768534124,0.0,1,0.0,0.4270825497806072,0.0,0.0
untrained_gnn,14,1,3,13,0.0,0.0,0.4697959776967764,0.0,1,0.0,0.14721589162945747,0.0,0.0
untrained_gnn,14,1,4,16,0.0,0.0,1.7900466453284025,0.0,1,0.0,0.40400492772459984,0.0,0.0
untrained_gnn,14,1,5,15,0.0,0.0,1.0356594305485487,0.0,1,0.0,0.19304302893579006,0.0,0.0
untrained_gnn,14,1,6,19,0.0,0.0,3.516491062939167,0.0,1,0.0,0.31128790602087975,0.0,0.0
untrained_gnn,14,1,7,13,0.0,0.0,1.08923474047333,0.0,1,0.0,0.44767927937209606,0.0,0.0
untrained_gnn,14,1,8,12,1.0,0.0,0.5688539352267981,0.14321048744022846,1,0.0,0.2572558391839266,1.0,0.0
untrained_gnn,14,1,9,9,0.0,0.0,0.07952733896672726,0.0,1,0.0,0.04060372710227966,0.0,0.0
untrained_gnn,24,1,0,26,0.0,0.0,1.9631270552054048,0.0,1,0.0,0.3411097773350775,0.0,0.0
untrained_gnn,24,1,1,17,1.0,0.0,0.41356582660228014,0.04248783830553293,1,0.0,0.16019891761243343,1.0,0.0
untrained_gnn,24,1,2,15,0.0,0.0,0.26607951847836375,0.0,1,0.0,0.05861298553645611,0.0,0.0
untrained_gnn,24,1,3,14,0.0,0.0,0.09842407237738371,0.0,1,0.0,0.050016880966722965,0.0,0.0
untrained_gnn,24,1,4,25,2.0,0.0,1.942438516765833,0.016471827868372202,1,0.0,0.44917253078892827,1.0,0.0
untrained_gnn,24,1,5,19,0.0,0.0,0.9207548722624779,0.0,1,0.0,0.18233915138989687,0.0,0.0
untrained_gnn,24,1,6,16,0.0,0.0,0.15441697370260954,0.0,1,0.0,0.04123513353988528,0.0,0.0
untrained_gnn,24,1,7,14,0.0,0.0,0.1571889421902597,0.0,1,0.0,0.08350344188511372,0.0,0.0
untrained_gnn,24,1,8,18,0.0,0.0,0.2397564365528524,0.0,1,0.0,0.06689582811668515,0.0,0.0
untrained_gnn,24,1,9,31,1.0,0.0,4.784015540033579,0.04061255743727088,1,0.0,0.42731664329767227,1.0,0.0
untrained_gnn,40,1,0,35,0.0,0.0,2.1767465085722506,0.0,1,0.0,0.27255765500012785,0.0,0.0
untrained_gnn,40,1,1,22,2.0,0.0,0.1869699356611818,0.01943680632393807,1,0.0,0.08554385823663324,1.0,0.0
untrained_gnn,40,1,2,19,0.0,0.0,0.05406086111906916,0.0,1,0.0,0.011030158028006554,0.0,0.0
untrained_gnn,40,1,3,31,2.0,0.0,1.6956031204899773,0.033596275839954615,1,0.0,0.20790527912322432,1.0,0.0
untrained_gnn,40,1,4,35,6.0,0.0,1.0501534268260002,0.016696471022441983,1,0.0,0.21536041994113475,1.0,0.0
untrained_gnn,40,1,5,30,3.0,0.0,0.9198428349336609,0.086082310997881,1,0.0,0.12665600946638733,1.0,0.0
untrained_gnn,40,1,6,19,0.0,0.0,0.25999094219878316,0.0,1,0.0,0.05470799666363746,0.0,0.0
untrained_gnn,40,1,7,39,9.0,0.0,3.2684142049402,0.025395873351953924,1,0.0,0.3354831689503044,1.0,0.0
untrained_gnn,40,1,8,25,0.0,0.0,0.05500471917912364,0.0,1,0.0,0.008274756837636232,0.0,0.0
untrained_gnn,40,1,9,26,0.0,0.0,0.12717960821464658,0.0,1,0.0,0.025010939920321107,0.0,0.0
untrained_gnn,14,2,0,11,1.0,0.0,0.42276741191744804,0.02675633504986763,1,0.0,0.21665456984192133,1.0,0.0
untrained_gnn,14,2,1,17,0.0,0.0,2.157159870490432,0.0,1,0.0,0.3189231064170599,0.0,0.0
untrained_gnn,14,2,2,13,0.0,0.0,0.7486338233575225,0.0,1,0.0,0.4008173765614629,0.0,0.0
untrained_gnn,14,2,3,13,0.0,0.0,1.7718760250136256,0.0,1,0.0,0.4013030678033829,0.0,0.0
untrained_gnn,14,2,4,14,0.0,0.0,1.0527973137795925,0.0,1,0.0,0.416780486702919,0.0,0.0
untrained_gnn,14,2,5,20,0.0,0.0,2.238174824975431,0.0,1,0.0,0.29545869305729866,0.0,0.0
untrained_gnn,14,2,6,9,1.0,0.0,0.054982880130410194,0.027682257816195488,1,1.0,0.054982880130410194,1.0,0.0
untrained_gnn,14,2,7,9,0.0,0.0,0.040252688340842724,0.0,1,0.0,0.040252688340842724,0.0,0.0
untrained_gnn,14,2,8,11,0.0,0.0,0.6562346080318093,0.0,1,0.0,0.42570289596915245,0.0,0.0
untrained_gnn,14,2,9,14,0.0,0.0,1.2661269959062338,0.0,1,0.0,0.38567476347088814,0.0,0.0
untrained_gnn,24,2,0,19,0.0,0.0,0.5774109275080264,0.0,1,0.0,0.14413998508825898,0.0,0.0
untrained_gnn,24,2,1,21,0.0,0.0,1.515422383788973,0.0,1,0.0,0.43106767488643527,0.0,0.0
untrained_gnn,24,2,2,20,0.0,0.0,0.9424227939452976,0.0,1,0.0,0.21166978729888797,0.0,0.0
untrained_gnn,24,2,3,16,0.0,0.0,0.16039789421483874,0.0,1,0.0,0.06252664001658559,0.0,0.0
untrained_gnn,24,2,4,18,0.0,0.0,0.30293984338641167,0.0,1,0.0,0.1815207079052925,0.0,0.0
untrained_gnn,24,2,5,17,1.0,0.0,0.76100919325836,0.007956349290907383,1,0.0,0.18936404259875417,1.0,0.0
untrained_gnn,24,2,6,18,0.0,0.0,0.1986296228133142,0.0,1,0.0,0.13266455149278045,0.0,0.0
untrained_gnn,24,2,7,24,0.0,0.0,2.396400329656899,0.0,1,0.0,0.3312929328531027,0.0,0.0
untrained_gnn,24,2,8,14,0.0,0.0,0.18430633866228163,0.0,1,0.0,0.04074375983327627,0.0,0.0
untrained_gnn,24,2,9,26,1.0,0.0,2.5156292291358113,0.04944228660315275,1,0.0,0.2414045538753271,1.0,0.0
untrained_gnn,40,2,0,32,0.0,0.0,1.0165859572589397,0.0,1,0.0,0.25777151458896697,0.0,0.0
untrained_gnn,40,2,1,28,4.0,0.0,0.5723842935403809,0.0981220182729885,1,1.0,0.17555136850569397,1.0,0.0
untrained_gnn,40,2,2,30,0.0,0.0,1.0200448506511748,0.0,1,0.0,0.1462774759856984,0.0,0.0
untrained_gnn,40,2,3,28,0.0,0.0,0.4316411354811862,0.0,1,0.0,0.12374993739649653,0.0,0.0
untrained_gnn,40,2,4,27,0.0,0.0,0.2152219224954024,0.0,1,0.0,0.06151331402361393,0.0,0.0
untrained_gnn,40,2,5,31,0.0,0.0,0.6293434977997094,0.0,1,0.0,0.17531290103215724,0.0,0.0
untrained_gnn,40,2,6,29,1.0,0.0,0.4656076073879376,0.02136156673077494,1,1.0,0.09057699260301888,1.0,0.0
untrained_gnn,40,2,7,32,0.0,0.0,0.5096362105105072,0.0,1,0.0,0.11041149706579745,0.0,0.0
untrained_gnn,40,2,8,33,5.0,0.0,1.7907490824582055,0.03302486694883555,1,0.0,0.2347615621984005,1.0,0.0
untrained_gnn,40,2,9,32,3.0,0.0,0.7434685836778954,0.04458521667402238,1,0.0,0.19220967160072178,1.0,0.0
untrained_gnn,14,3,0,12,0.0,0.0,0.4473081948235631,0.0,1,0.0,0.14832537807524204,0.0,0.0
untrained_gnn,14,3,1,13,0.0,0.0,0.5027407454326749,0.0,1,0.0,0.15940572880208492,0.0,0.0
untrained_gnn,14,3,2,12,1.0,0.0,0.5982866836711764,0.21984711289405823,1,1.0,0.21984711289405823,1.0,0.0
untrained_gnn,14,3,3,12,0.0,0.0,0.8241607202216983,0.0,1,0.0,0.37779997289180756,0.0,0.0
untrained_gnn,14,3,4,21,0.0,0.0,3.0724975476041436,0.0,1,0.0,0.3191876355558634,0.0,0.0
untrained_gnn,14,3,5,13,1.0,0.0,0.7586055509746075,0.05782611481845379,1,0.0,0.4304239833727479,1.0,0.0
untrained_gnn,14,3,6,11,0.0,0.0,0.3280186038464308,0.0,1,0.0,0.10465561971068382,0.0,0.0
untrained_gnn,14,3,7,11,1.0,0.0,0.384844409301877,0.02681433316320181,1,0.0,0.19310051575303078,1.0,0.0
untrained_gnn,14,3,8,17,0.0,0.0,1.876615441404283,0.0,1,0.0,0.36276241205632687,0.0,0.0
untrained_gnn,14,3,9,11,0.0,0.0,0.34778293315321207,0.0,1,0.0,0.29256261326372623,0.0,0.0
untrained_gnn,24,3,0,21,3.0,0.0,0.46725002443417907,0.025205262936651707,1,0.0,0.19160749157890677,1.0,0.0
untrained_gnn,24,3,1,25,0.0,0.0,2.0608430777210742,0.0,1,0.0,0.3525057449005544,0.0,0.0
untrained_gnn,24,3,2,18,0.0,0.0,0.3940319698303938,0.0,1,0.0,0.19698653044179082,0.0,0.0
untrained_gnn,24,3,3,18,0.0,0.0,0.5928259901702404,0.0,1,0.0,0.16527824196964502,0.0,0.0
untrained_gnn,24,3,4,19,0.0,0.0,0.5016538444906473,0.0,1,0.0,0.20043618651106954,0.0,0.0
untrained_gnn,24,3,5,24,0.0,0.0,0.7235980541445315,0.0,1,0.0,0.15576889924705029,0.0,0.0
untrained_gnn,24,3,6,25,1.0,0.0,1.949799704598263,0.04950381792150438,1,0.0,0.3633998134173453,1.0,0.0
untrained_gnn,24,3,7,19,2.0,0.0,0.5250148177146912,0.025007914286106825,1,0.0,0.21808827482163906,1.0,0.0
untrained_gnn,24,3,8,20,1.0,0.0,0.24679434671998024,0.0301061044447124,1,0.0,0.056621041148900986,1.0,0.0
untrained_gnn,24,3,9,20,0.0,0.0,0.6816744869574904,0.0,1,0.0,0.26551028806716204,0.0,0.0
untrained_gnn,40,3,0,36,2.0,0.0,1.2516926913522184,0.016963811591267586,1,0.0,0.32714710873551667,1.0,0.0
untrained_gnn,40,3,1,28,0.0,0.0,0.5909876140067354,0.0,1,0.0,0.1425121888751164,0.0,0.0
untrained_gnn,40,3,2,41,0.0,0.0,2.846885698614642,0.0,1,0.0,0.35758227144833654,0.0,0.0
untrained_gnn,40,3,3,28,1.0,0.0,0.3179220074089244,0.006989654386416078,1,0.0,0.10790624096989632,1.0,0.0
untrained_gnn,40,3,4,26,0.0,0.0,0.14813424192834646,0.0,1,0.0,0.05630783922970295,0.0,0.0
untrained_gnn,40,3,5,33,0.0,0.0,0.8265792925376445,0.0,1,0.0,0.19256374519318342,0.0,0.0
untrained_gnn,40,3,6,37,2.0,0.0,1.6802424230845645,0.005345037905499339,1,0.0,0.3021502823103219,1.0,0.0
untrained_gnn,40,3,7,15,0.0,0.0,0.007965256809256971,0.0,1,0.0,0.0013421517796814442,0.0,0.0
untrained_gnn,40,3,8,32,0.0,0.0,1.777599728317,0.0,1,0.0,0.19695611123461276,0.0,0.0
untrained_gnn,40,3,9,30,0.0,0.0,1.47693692042958,0.0,1,0.0,0.18693367287050933,0.0,0.0
untrained_gnn,14,4,0,15,0.0,0.0,1.310645554214716,0.0,1,0.0,0.39829359017312527,0.0,0.0
untrained_gnn,14,4,1,18,0.0,0.0,2.626287586055696,0.0,1,0.0,0.35466452687978745,0.0,0.0
untrained_gnn,14,4,2,12,0.0,0.0,0.752908730879426,0.0,1,0.0,0.4338771002367139,0.0,0.0
untrained_gnn,14,4,3,9,0.0,0.0,0.06811158824712038,0.0,1,0.0,0.06811158824712038,0.0,0.0
untrained_gnn,14,4,4,8,0.0,0.0,0.012008880265057087,0.0,1,0.0,0.012008880265057087,0.0,0.0
untrained_gnn,14,4,5,13,0.0,0.0,1.3084487998858094,0.0,1,0.0,0.43228031788021326,0.0,0.0
untrained_gnn,14,4,6,13,0.0,0.0,0.7098857080563903,0.0,1,0.0,0.4157244898378849,0.0,0.0
untrained_gnn,14,4,7,12,0.0,0.0,0.4306867057457566,0.0,1,0.0,0.2347844373434782,0.0,0.0
untrained_gnn,14,4,8,11,0.0,0.0,0.28967089764773846,0.0,1,0.0,0.19043429847806692,0.0,0.0
untrained_gnn,14,4,9,13,0.0,0.0,0.6987499166280031,0.0,1,0.0,0.4236978776752949,0.0,0.0
untrained_gnn,24,4,0,18,0.0,0.0,0.5375708173960447,0.0,1,0.0,0.29027341841720045,0.0,0.0
untrained_gnn,24,4,1,25,0.0,0.0,2.656680087558925,0.0,1,0.0,0.43491307785734534,0.0,0.0
untrained_gnn,24,4,2,17,1.0,0.0,0.38661102461628616,0.0359317846596241,1,0.0,0.12942848703823984,1.0,0.0
untrained_gnn,24,4,3,14,0.0,0.0,0.18304055742919445,0.0,1,0.0,0.10042477236129344,0.0,0.0
untrained_gnn,24,4,4,19,1.0,0.0,0.4341429623309523,0.008471404202282429,1,0.0,0.14403068576939404,1.0,0.0
untrained_gnn,24,4,5,19,0.0,0.0,0.6790145658887923,0.0,1,0.0,0.2673504564445466,0.0,0.0
untrained_gnn,24,4,6,19,0.0,0.0,0.3387426433619112,0.0,1,0.0,0.08949973760172725,0.0,0.0
untrained_gnn,24,4,7,27,0.0,0.0,2.5918243483174592,0.0,1,0.0,0.31598864402621984,0.0,0.0
untrained_gnn,24,4,8,20,0.0,0.0,1.2456618833821267,0.0,1,0.0,0.1857584638055414,0.0,0.0
untrained_gnn,24,4,9,20,0.0,0.0,1.4041532755363733,0.0,1,0.0,0.4447034695185721,0.0,0.0
untrained_gnn,40,4,0,29,3.0,0.0,0.4005406635114923,0.025771907065063715,1,0.0,0.081932254252024,1.0,0.0
untrained_gnn,40,4,1,38,0.0,0.0,2.1625112219480798,0.0,1,0.0,0.21980717207770795,0.0,0.0
untrained_gnn,40,4,2,31,1.0,0.0,0.8371689427876845,0.027581118047237396,1,0.0,0.16998564905952662,1.0,0.0
untrained_gnn,40,4,3,13,2.0,0.0,0.014034340856596828,0.005131235462613404,1,0.0,0.005121424328535795,1.0,0.0
untrained_gnn,40,4,4,29,0.0,0.0,0.5136865680105984,0.0,1,0.0,0.11850434262305498,0.0,0.0
untrained_gnn,40,4,5,33,0.0,0.0,1.2345768142258748,0.0,1,0.0,0.3284526509232819,0.0,0.0
untrained_gnn,40,4,6,35,0.0,0.0,1.289874934242107,0.0,1,0.0,0.25829985016025603,0.0,0.0
untrained_gnn,40,4,7,28,1.0,0.0,1.0670384269906208,0.01862507895566523,1,0.0,0.1776315327733755,1.0,0.0
untrained_gnn,40,4,8,37,2.0,0.0,2.4865603435318917,0.06789256760384887,1,0.0,0.36331647576298565,1.0,0.0
untrained_gnn,40,4,9,39,0.0,0.0,1.3116422288585454,0.0,1,0.0,0.14191952615510672,0.0,0.0
untrained_mlp,14,0,0,11,,,0.48538564145565033,,1,,0.4588569486513734,,
untrained_mlp,14,0,1,11,,,0.2604129435494542,,1,,0.1271257996559143,,
untrained_mlp,14,0,2,10,,,0.3816725928336382,,1,,0.14186323154717684,,
untrained_mlp,14,0,3,11,,,0.6459350166842341,,1,,0.44273907877504826,,
untrained_mlp,14,0,4,13,,,1.0732768047600985,,1,,0.41157213877886534,,
untrained_mlp,14,0,5,12,,,0.7845930242910981,,1,,0.42480278946459293,,
untrained_mlp,14,0,6,14,,,0.9231293248012662,,1,,0.24893108382821083,,
untrained_mlp,14,0,7,11,,,0.3377870135009289,,1,,0.16532462649047375,,
untrained_mlp,14,0,8,15,,,1.9423952111974359,,1,,0.3969401903450489,,
untrained_mlp,14,0,9,15,,,1.8260645177215338,,1,,0.39563113264739513,,
untrained_mlp,24,0,0,30,,,3.2162600965239108,,1,,0.4075448294170201,,
untrained_mlp,24,0,1,15,,,0.040376163087785244,,1,,0.020317408721894026,,
untrained_mlp,24,0,2,21,,,0.6469253690447658,,1,,0.24312240863218904,,
untrained_mlp,24,0,3,21,,,1.2960718376562,,1,,0.20918653905391693,,
untrained_mlp,24,0,4,22,,,1.1333603989332914,,1,,0.29855845496058464,,
untrained_mlp,24,0,5,23,,,0.5882184025831521,,1,,0.11391829559579492,,
untrained_mlp,24,0,6,18,,,0.17962526786141098,,1,,0.05850838962942362,,
untrained_mlp,24,0,7,23,,,1.3275259465444833,,1,,0.289207998663187,,
untrained_mlp,24,0,8,26,,,2.881303609814495,,1,,0.34456707909703255,,
untrained_mlp,24,0,9,22,,,0.8002002350986004,,1,,0.1010500998236239,,
untrained_mlp,14,1,0,16,,,1.5896611409261823,,1,,0.3714696429669857,,
untrained_mlp,14,1,1,13,,,0.8003951134160161,,1,,0.25876030791550875,,
untrained_mlp,14,1,2,12,,,0.5357801876962185,,1,,0.4237902080640197,,
untrained_mlp,14,1,3,10,,,0.34617414977401495,,1,,0.13769875187426805,,
untrained_mlp,14,1,4,14,,,1.1132938731461763,,1,,0.4195163734257221,,
untrained_mlp,14,1,5,13,,,0.6867399057373405,,1,,0.43056632578372955,,
untrained_mlp,14,1,6,12,,,0.49024141672998667,,1,,0.26350350212305784,,
untrained_mlp,14,1,7,16,,,1.8071803599596024,,1,,0.38163027353584766,,
untrained_mlp,14,1,8,10,,,0.17861456610262394,,1,,0.17861456610262394,,
untrained_mlp,14,1,9,11,,,0.28869209066033363,,1,,0.20909100957214832,,
untrained_mlp,24,1,0,22,,,1.764875890687108,,1,,0.36008388036862016,,
untrained_mlp,24,1,1,15,,,0.20040514809079468,,1,,0.07694614306092262,,
untrained_mlp,24,1,2,22,,,1.6158690466545522,,1,,0.2649934059008956,,
untrained_mlp,24,1,3,21,,,0.8163878628984094,,1,,0.36525177815929055,,
untrained_mlp,24,1,4,24,,,2.574038923252374,,1,,0.43716127844527364,,
untrained_mlp,24,1,5,18,,,0.617785090347752,,1,,0.17635858478024602,,
untrained_mlp,24,1,6,18,,,0.4537653191946447,,1,,0.1877718297764659,,
untrained_mlp,24,1,7,14,,,0.027304443065077066,,1,,0.027304443065077066,,
untrained_mlp,24,1,8,24,,,2.46331790369004,,1,,0.4423796748742461,,
untrained_mlp,24,1,9,25,,,3.082936418475583,,1,,0.4545158641412854,,
untrained_mlp,14,2,0,11,,,0.41419088561087847,,1,,0.21305827144533396,,
untrained_mlp,14,2,1,9,,,0.11760240513831377,,1,,0.09285330213606358,,
untrained_mlp,14,2,2,13,,,0.40160876885056496,,1,,0.27930643782019615,,
untrained_mlp,14,2,3,13,,,1.7603980852290988,,1,,0.40426773857325315,,
untrained_mlp,14,2,4,13,,,0.8619818622246385,,1,,0.4136324990540743,,
untrained_mlp,14,2,5,11,,,0.3738201353698969,,1,,0.17322432901710272,,
untrained_mlp,14,2,6,12,,,0.49379237927496433,,1,,0.27872861362993717,,
untrained_mlp,14,2,7,9,,,0.039629860781133175,,1,,0.039629860781133175,,
untrained_mlp,14,2,8,11,,,0.5980432080104947,,1,,0.4336508549749851,,
untrained_mlp,14,2,9,14,,,1.2578057860955596,,1,,0.3897108267992735,,
untrained_mlp,24,2,0,24,,,1.243790433043614,,1,,0.3650689427740872,,
untrained_mlp,24,2,1,17,,,0.30070699751377106,,1,,0.15338898333720863,,
untrained_mlp,24,2,2,21,,,0.7657989694271237,,1,,0.32333402009680867,,
untrained_mlp,24,2,3,18,,,0.21671155304647982,,1,,0.07103215344250202,,
untrained_mlp,24,2,4,18,,,0.3914097403176129,,1,,0.14572487166151404,,
untrained_mlp,24,2,5,17,,,0.6917415650095791,,1,,0.13944147108122706,,
untrained_mlp,24,2,6,18,,,0.1956376158632338,,1,,0.13031069608405232,,
untrained_mlp,24,2,7,26,,,3.2558259293437004,,1,,0.43635466741397977,,
untrained_mlp,24,2,8,24,,,1.6966624287888408,,1,,0.29181567300111055,,
untrained_mlp,24,2,9,24,,,2.4827936510555446,,1,,0.4425333761610091,,
untrained_mlp,14,3,0,13,,,0.9753542998805642,,1,,0.22303195111453533,,
untrained_mlp,14,3,1,15,,,1.2535800645127892,,1,,0.3960626684129238,,
untrained_mlp,14,3,2,15,,,1.3300706939771771,,1,,0.3743966706097126,,
untrained_mlp,14,3,3,10,,,0.2134841103106737,,1,,0.16204779036343098,,
untrained_mlp,14,3,4,16,,,1.3108999840915203,,1,,0.3827575072646141,,
untrained_mlp,14,3,5,14,,,1.3965681549161673,,1,,0.41871965024620295,,
untrained_mlp,14,3,6,11,,,0.19363540410995483,,1,,0.058658141642808914,,
untrained_mlp,14,3,7,20,,,3.4246068969368935,,1,,0.2853575721383095,,
untrained_mlp,14,3,8,7,,,0.037850224412977695,,1,,0.02557662781327963,,
untrained_mlp,14,3,9,12,,,0.8407537713646889,,1,,0.26505426224321127,,
untrained_mlp,24,3,0,13,,,0.15441833529621363,,1,,0.0627166642807424,,
untrained_mlp,24,3,1,18,,,0.9434268192853779,,1,,0.19820047775283456,,
untrained_mlp,24,3,2,22,,,1.1738845196086913,,1,,0.4609209690243006,,
untrained_mlp,24,3,3,15,,,0.35134988371282816,,1,,0.10185395507141948,,
untrained_mlp,24,3,4,14,,,0.17537542642094195,,1,,0.08070661453530192,,
untrained_mlp,24,3,5,25,,,1.791447530966252,,1,,0.34295662585645914,,
untrained_mlp,24,3,6,23,,,1.2454589281696826,,1,,0.3639630335383117,,
untrained_mlp,24,3,7,13,,,0.08986464282497764,,1,,0.03949950193054974,,
untrained_mlp,24,3,8,28,,,3.165152934845537,,1,,0.42650317354127765,,
untrained_mlp,24,3,9,23,,,0.3119459729641676,,1,,0.08202803088352084,,
untrained_mlp,14,4,0,15,,,1.918822824023664,,1,,0.3974999934434891,,
untrained_mlp,14,4,1,10,,,0.21525638736784458,,1,,0.0833235951140523,,
untrained_mlp,14,4,2,23,,,3.5420516803860664,,1,,0.20619099028408527,,
untrained_mlp,14,4,3,11,,,0.43421756755560637,,1,,0.22786304354667664,,
untrained_mlp,14,4,4,22,,,3.738503468222916,,1,,0.2235898468643427,,
untrained_mlp,14,4,5,14,,,0.42271092534065247,,1,,0.22463792003691196,,
untrained_mlp,14,4,6,11,,,0.20321804657578468,,1,,0.1531127505004406,,
untrained_mlp,14,4,7,11,,,0.21076318062841892,,1,,0.14249202236533165,,
untrained_mlp,14,4,8,10,,,0.17180039547383785,,1,,0.05617946945130825,,
untrained_mlp,14,4,9,13,,,0.7027914840728045,,1,,0.42172998655587435,,
untrained_mlp,24,4,0,31,,,4.817311746766791,,1,,0.4090704177506268,,
untrained_mlp,24,4,1,16,,,0.26623141835443676,,1,,0.07097051292657852,,
untrained_mlp,24,4,2,23,,,1.564796000951901,,1,,0.4582910225726664,,
untrained_mlp,24,4,3,16,,,0.5208036762196571,,1,,0.16768737323582172,,
untrained_mlp,24,4,4,24,,,1.3038193001411855,,1,,0.2630265257321298,,
untrained_mlp,24,4,5,17,,,0.3247431474737823,,1,,0.11479910742491484,,
untrained_mlp,24,4,6,16,,,0.218055356759578,,1,,0.06499235052615404,,
untrained_mlp,24,4,7,24,,,2.2620370218064636,,1,,0.44763099076226354,,
untrained_mlp,24,4,8,12,,,0.019585878122597933,,1,,0.019585878122597933,,
untrained_mlp,24,4,9,21,,,1.002333543729037,,1,,0.21817266661673784,,
