method,n,seed,optimality_ratio,exact_optimum,absolute_gap,inference_time_seconds,first_loss_step,first_odd_cycle_step,parameter_count,exact_rate,unbalanced_bipartite_rate,nonbipartite_rate,odd_cycle_first_loss_rate,partition_imbalance_first_loss_rate
candidate,6,0,0.9944444444444445,0.95,0.05,0.001053337100001904,5.2,,449.0,0.95,0.05,0.0,0.0,0.05
candidate,6,1,0.9922222222222223,0.94,0.07,0.001044045830021764,5.333333333333333,7.0,449.0,0.94,0.05,0.01,0.0,0.06
candidate,6,2,0.9955555555555555,0.97,0.04,0.0010823049999998601,6.0,7.0,449.0,0.97,0.02,0.01,0.01,0.02
candidate,6,3,0.9933333333333333,0.94,0.06,0.001015537909997848,5.666666666666667,,449.0,0.94,0.06,0.0,0.0,0.06
candidate,6,4,0.9866666666666667,0.9,0.12,0.000930378339999092,5.5,6.5,449.0,0.9,0.08,0.02,0.0,0.1
candidate,7,0,0.9966666666666667,0.98,0.04,0.001613780010002236,7.0,7.0,449.0,0.98,0.0,0.02,0.02,0.0
candidate,7,1,0.9966666666666667,0.98,0.04,0.001623167490006332,7.5,7.5,449.0,0.98,0.0,0.02,0.02,0.0
candidate,7,2,0.995,0.97,0.06,0.0015255450099993758,7.666666666666667,7.666666666666667,449.0,0.97,0.0,0.03,0.03,0.0
candidate,7,3,0.9966666666666667,0.98,0.04,0.0015080379099981281,8.5,8.5,449.0,0.98,0.0,0.02,0.02,0.0
candidate,7,4,0.9983333333333333,0.99,0.02,0.001497007919997416,8.0,8.0,449.0,0.99,0.0,0.01,0.01,0.0
candidate,8,0,0.9925,0.92,0.12,0.002414192920004964,7.625,9.5,449.0,0.92,0.06,0.02,0.01,0.07
candidate,8,1,0.99,0.88,0.16,0.00235608334000056,7.416666666666667,8.0,449.0,0.88,0.1,0.02,0.01,0.11
candidate,8,2,0.98625,0.86,0.22,0.002297272909991036,7.714285714285714,9.25,449.0,0.86,0.1,0.04,0.02,0.12
candidate,8,3,0.98625,0.82,0.22,0.003072987490004316,8.555555555555555,10.0,449.0,0.82,0.16,0.02,0.01,0.17
candidate,8,4,0.9925,0.92,0.12,0.002256329159999904,7.75,10.0,449.0,0.92,0.06,0.02,0.01,0.07
candidate,9,0,0.9954999999999999,0.97,0.09,0.003629227920000604,7.666666666666667,7.666666666666667,449.0,0.97,0.0,0.03,0.03,0.0
candidate,9,1,0.988,0.92,0.24,0.003314935019998248,10.0,10.0,449.0,0.92,0.0,0.08,0.08,0.0
candidate,9,2,0.99,0.93,0.2,0.0033512145900021677,10.142857142857142,10.5,449.0,0.93,0.01,0.06,0.06,0.01
candidate,9,3,0.991,0.94,0.18,0.003646714999986188,10.0,10.0,449.0,0.94,0.0,0.06,0.06,0.0
candidate,9,4,0.9884999999999999,0.93,0.23,0.003144922920009744,8.714285714285714,9.0,449.0,0.93,0.0,0.07,0.06,0.01
candidate,10,0,0.992,0.86,0.2,0.004957249169992728,10.571428571428571,13.5,449.0,0.86,0.12,0.02,0.01,0.13
candidate,10,1,0.98,0.74,0.5,0.004888393330002103,9.73076923076923,10.0,449.0,0.74,0.18,0.08,0.05,0.21
candidate,10,2,0.9784,0.74,0.54,0.004740224169990992,9.884615384615385,11.88888888888889,449.0,0.74,0.17,0.09,0.05,0.21
candidate,10,3,0.9748,0.75,0.63,0.004786108740008712,11.0,11.333333333333334,449.0,0.75,0.13,0.12,0.08,0.17
candidate,10,4,0.9843999999999999,0.8,0.39,0.004558324580002572,10.05,10.5,449.0,0.8,0.14,0.06,0.05,0.15
candidate,11,0,0.9866666666666667,0.91,0.4,0.006634332500007032,11.777777777777779,12.25,449.0,0.91,0.01,0.08,0.07,0.02
candidate,11,1,0.983,0.89,0.51,0.006658111669994424,9.0,9.0,449.0,0.89,0.0,0.11,0.11,0.0
candidate,11,2,0.9853333333333333,0.89,0.44,0.006497342920001712,11.727272727272727,12.0,449.0,0.89,0.01,0.1,0.09,0.02
candidate,11,3,0.9863333333333334,0.91,0.41,0.006233817079983008,11.333333333333334,11.777777777777779,449.0,0.91,0.0,0.09,0.08,0.01
candidate,11,4,0.9826666666666667,0.89,0.52,0.007003847080004491,12.727272727272727,12.727272727272727,449.0,0.89,0.0,0.11,0.11,0.0
candidate,12,0,0.9783333333333333,0.7,0.78,0.008853679999992852,11.9,11.2,449.0,0.7,0.2,0.1,0.08,0.22
candidate,12,1,0.9672222222222223,0.62,1.18,0.008793700819996876,11.81578947368421,12.333333333333334,449.0,0.62,0.2,0.18,0.12,0.26
candidate,12,2,0.9772222222222223,0.73,0.82,0.008792133329998193,12.0,12.461538461538462,449.0,0.73,0.14,0.13,0.1,0.17
candidate,12,3,0.9805555555555556,0.77,0.7,0.008369208330013825,13.304347826086957,10.909090909090908,449.0,0.77,0.12,0.11,0.09,0.14
candidate,12,4,0.9788888888888888,0.72,0.76,0.00833630373000228,11.714285714285714,12.833333333333334,449.0,0.72,0.16,0.12,0.08,0.2
candidate,13,0,0.9854761904761905,0.89,0.61,0.012906360829983851,14.636363636363637,15.272727272727273,449.0,0.89,0.0,0.11,0.1,0.01
candidate,13,1,0.9769047619047619,0.84,0.97,0.011388472079997835,12.3125,12.3125,449.0,0.84,0.0,0.16,0.16,0.0
candidate,13,2,0.9766666666666667,0.82,0.98,0.011332400829996852,13.833333333333334,13.941176470588236,449.0,0.82,0.01,0.17,0.17,0.01
candidate,13,3,0.9857142857142857,0.9,0.6,0.011543412920000194,12.4,12.8,449.0,0.9,0.0,0.1,0.09,0.01
candidate,13,4,0.9683333333333333,0.76,1.33,0.0110110541700032,12.625,12.91304347826087,449.0,0.76,0.01,0.23,0.2,0.04
candidate,14,0,0.9661224489795919,0.58,1.66,0.014828667080000668,14.357142857142858,14.565217391304348,449.0,0.58,0.19,0.23,0.18,0.24
candidate,14,1,0.9716326530612246,0.63,1.39,0.015153355419997697,14.45945945945946,15.235294117647058,449.0,0.63,0.2,0.17,0.14,0.23
candidate,14,2,0.9681632653061224,0.68,1.56,0.015143609590004391,14.21875,14.142857142857142,449.0,0.68,0.11,0.21,0.17,0.15
candidate,14,3,0.9683673469387756,0.57,1.55,0.014476127090019828,15.488372093023257,13.65,449.0,0.57,0.23,0.2,0.17,0.26
candidate,14,4,0.9691836734693878,0.6,1.51,0.0143938450000041,14.1,13.263157894736842,449.0,0.6,0.21,0.19,0.17,0.23
candidate,15,0,0.9748214285714286,0.81,1.41,0.019096676679991972,15.368421052631579,15.777777777777779,449.0,0.81,0.01,0.18,0.16,0.03
candidate,15,1,0.9692857142857143,0.74,1.72,0.019797427089988485,15.5,15.045454545454545,449.0,0.74,0.04,0.22,0.22,0.04
candidate,15,2,0.96125,0.71,2.17,0.01874996667999763,14.620689655172415,14.724137931034482,449.0,0.71,0.0,0.29,0.28,0.01
candidate,15,3,0.975,0.8,1.4,0.0191352387499864,16.75,17.35,449.0,0.8,0.0,0.2,0.18,0.02
candidate,15,4,0.9655357142857143,0.74,1.93,0.01778392917000016,14.307692307692308,14.307692307692308,449.0,0.74,0.0,0.26,0.26,0.0
candidate,16,0,0.95890625,0.49,2.63,0.025115521659999973,16.392156862745097,16.64516129032258,449.0,0.49,0.2,0.31,0.22,0.29
candidate,16,1,0.96546875,0.52,2.21,0.024298921659992572,16.020833333333332,15.192307692307692,449.0,0.52,0.22,0.26,0.22,0.26
candidate,16,2,0.94953125,0.49,3.23,0.023666975819987737,16.313725490196077,17.13888888888889,449.0,0.49,0.15,0.36,0.3,0.21
candidate,16,3,0.9578125,0.5,2.7,0.02298373376000196,17.64,16.838709677419356,449.0,0.5,0.19,0.31,0.28,0.22
candidate,16,4,0.95375,0.43,2.96,0.023321352499988214,15.789473684210526,15.575757575757576,449.0,0.43,0.24,0.33,0.24,0.33
candidate,17,0,0.9594444444444444,0.65,2.92,0.031573632500012466,16.457142857142856,16.28125,449.0,0.65,0.03,0.32,0.3,0.05
candidate,17,1,0.9477777777777777,0.58,3.76,0.02932583082999367,16.404761904761905,16.37837837837838,449.0,0.58,0.05,0.37,0.33,0.09
candidate,17,2,0.9477777777777777,0.6,3.76,0.031713643330003795,15.9,15.975,449.0,0.6,0.0,0.4,0.39,0.01
candidate,17,3,0.9593055555555555,0.65,2.93,0.029297768750011447,17.571428571428573,16.833333333333332,449.0,0.65,0.05,0.3,0.28,0.07
candidate,17,4,0.9505555555555556,0.59,3.56,0.028543122919991167,14.878048780487806,14.631578947368421,449.0,0.59,0.03,0.38,0.36,0.05
candidate,20,0,0.9382,0.35,6.18,0.054912380420009815,17.815384615384616,16.647058823529413,449.0,0.35,0.14,0.51,0.45,0.2
candidate,20,1,0.9379000000000001,0.33,6.21,0.05411470291999645,19.52238805970149,19.333333333333332,449.0,0.33,0.16,0.51,0.42,0.25
candidate,20,2,0.9390999999999999,0.36,6.09,0.05322229918000627,19.90625,19.425531914893618,449.0,0.36,0.17,0.47,0.39,0.25
candidate,20,3,0.9207000000000001,0.2,7.93,0.05006814373999984,19.6,18.2,449.0,0.2,0.2,0.6,0.58,0.22
candidate,20,4,0.9433,0.35,5.67,0.05286034748999548,19.76923076923077,19.0,449.0,0.35,0.2,0.45,0.38,0.27
candidate,23,0,0.9381060606060606,0.48,8.17,0.09107544791999313,19.71153846153846,19.745098039215687,449.0,0.48,0.01,0.51,0.49,0.03
candidate,23,1,0.9223484848484849,0.32,10.25,0.0878514254299989,20.75,20.76923076923077,449.0,0.32,0.03,0.65,0.6,0.08
candidate,23,2,0.9032575757575758,0.22,12.77,0.0818498875000022,20.76923076923077,20.643835616438356,449.0,0.22,0.05,0.73,0.71,0.07
candidate,23,3,0.9237878787878787,0.37,10.06,0.0846460254200064,22.158730158730158,22.033898305084747,449.0,0.37,0.04,0.59,0.56,0.07
candidate,23,4,0.9109090909090909,0.22,11.76,0.08306299959001079,21.987179487179485,21.569444444444443,449.0,0.22,0.06,0.72,0.7,0.08
candidate,24,0,0.9209027777777778,0.28,11.39,0.10695898457999643,20.98611111111111,20.49230769230769,449.0,0.28,0.07,0.65,0.61,0.11
candidate,24,1,0.9314583333333333,0.25,9.87,0.10646014250000004,23.426666666666666,22.473684210526315,449.0,0.25,0.18,0.57,0.51,0.24
candidate,24,2,0.9118055555555555,0.18,12.7,0.09714992709000395,21.865853658536587,21.63768115942029,449.0,0.18,0.13,0.69,0.56,0.26
candidate,24,3,0.9184027777777779,0.24,11.75,0.09989430665999857,22.5,21.776119402985074,449.0,0.24,0.09,0.67,0.59,0.17
candidate,24,4,0.9182638888888889,0.22,11.77,0.10077667291000575,22.21794871794872,21.11111111111111,449.0,0.22,0.15,0.63,0.59,0.19
candidate,25,0,0.9328205128205128,0.39,10.48,0.12475899541999745,24.065573770491802,23.724137931034484,449.0,0.39,0.03,0.58,0.56,0.05
candidate,25,1,0.9290384615384616,0.38,11.07,0.12329463499000662,22.822580645161292,22.83050847457627,449.0,0.38,0.03,0.59,0.57,0.05
candidate,25,2,0.9066025641025641,0.28,14.57,0.11245687457000708,23.22222222222222,23.309859154929576,449.0,0.28,0.01,0.71,0.69,0.03
candidate,25,3,0.918525641025641,0.33,12.71,0.11482282123998626,21.567164179104477,20.65625,449.0,0.33,0.03,0.64,0.63,0.04
candidate,25,4,0.9064102564102565,0.26,14.6,0.11327162917000341,22.527027027027028,22.347826086956523,449.0,0.26,0.05,0.69,0.66,0.08
candidate,30,0,0.8963111111111111,0.07,23.33,0.2340898483299952,27.032258064516128,26.226190476190474,449.0,0.07,0.09,0.84,0.8,0.13
candidate,30,1,0.8987999999999999,0.11,22.77,0.2318815816599999,25.853932584269664,26.261904761904763,449.0,0.11,0.05,0.84,0.79,0.1
candidate,30,2,0.8624888888888889,0.07,30.94,0.20901773874999882,25.483870967741936,26.314606741573034,449.0,0.07,0.04,0.89,0.78,0.15
candidate,30,3,0.8788888888888888,0.07,27.25,0.21688377249999577,25.86021505376344,26.10112359550562,449.0,0.07,0.04,0.89,0.83,0.1
candidate,30,4,0.8770222222222221,0.06,27.67,0.215231392070018,25.80851063829787,23.963414634146343,449.0,0.06,0.12,0.82,0.77,0.17
candidate,40,0,0.849075,0.01,60.37,0.6539881966699977,29.373737373737374,29.144329896907216,449.0,0.01,0.02,0.97,0.92,0.07
candidate,40,1,0.8452249999999999,0.01,61.91,0.6448517683299906,31.444444444444443,31.103092783505154,449.0,0.01,0.02,0.97,0.94,0.05
candidate,40,2,0.812675,0.01,74.93,0.5949072537499979,28.19191919191919,28.393939393939394,449.0,0.01,0.0,0.99,0.96,0.03
candidate,40,3,0.8567,0.03,57.32,0.6450046366600054,30.824742268041238,30.652631578947368,449.0,0.03,0.02,0.95,0.93,0.04
candidate,40,4,0.8349,0.01,66.04,0.6283441816599953,29.31313131313131,30.03061224489796,449.0,0.01,0.01,0.98,0.95,0.04
endpoint,6,0,1.0,1.0,0.0,0.001072900849985648,,,13185.0,1.0,0.0,0.0,0.0,0.0
endpoint,6,1,1.0,1.0,0.0,0.0011136920900025281,,,13185.0,1.0,0.0,0.0,0.0,0.0
endpoint,6,2,1.0,1.0,0.0,0.001092169170005876,,,13185.0,1.0,0.0,0.0,0.0,0.0
endpoint,6,3,1.0,1.0,0.0,0.001119350000008072,,,13185.0,1.0,0.0,0.0,0.0,0.0
endpoint,6,4,1.0,1.0,0.0,0.0010853891599981321,,,13185.0,1.0,0.0,0.0,0.0,0.0
endpoint,7,0,1.0,1.0,0.0,0.001584857920006412,,,13185.0,1.0,0.0,0.0,0.0,0.0
endpoint,7,1,1.0,1.0,0.0,0.0016000071000052641,,,13185.0,1.0,0.0,0.0,0.0,0.0
endpoint,7,2,0.9966666666666667,0.98,0.04,0.001726632489990096,8.5,8.5,13185.0,0.98,0.0,0.02,0.02,0.0
endpoint,7,3,1.0,1.0,0.0,0.001625734169992864,,,13185.0,1.0,0.0,0.0,0.0,0.0
endpoint,7,4,1.0,1.0,0.0,0.001735764169989068,,,13185.0,1.0,0.0,0.0,0.0,0.0
endpoint,8,0,0.996875,0.95,0.05,0.002433842909995248,7.0,,13185.0,0.95,0.05,0.0,0.0,0.05
endpoint,8,1,0.999375,0.99,0.01,0.003347467919993428,13.0,,13185.0,0.99,0.01,0.0,0.0,0.01
endpoint,8,2,0.9975,0.98,0.04,0.002513689999977884,9.0,7.0,13185.0,0.98,0.01,0.01,0.01,0.01
endpoint,8,3,0.99875,0.98,0.02,0.00242076291000552,10.0,,13185.0,0.98,0.02,0.0,0.0,0.02
endpoint,8,4,0.99625,0.97,0.06,0.002518898739999688,10.0,5.0,13185.0,0.97,0.02,0.01,0.01,0.02
endpoint,9,0,0.9984999999999999,0.99,0.03,0.0035166270900026044,8.0,8.0,13185.0,0.99,0.0,0.01,0.01,0.0
endpoint,9,1,1.0,1.0,0.0,0.003501454600000176,,,13185.0,1.0,0.0,0.0,0.0,0.0
endpoint,9,2,0.9940000000000001,0.96,0.12,0.0036871212499681363,15.0,15.0,13185.0,0.96,0.0,0.04,0.04,0.0
endpoint,9,3,0.9984999999999999,0.99,0.03,0.003818935000017456,7.0,7.0,13185.0,0.99,0.0,0.01,0.01,0.0
endpoint,9,4,1.0,1.0,0.0,0.004541149579999872,,,13185.0,1.0,0.0,0.0,0.0,0.0
endpoint,10,0,0.9936,0.93,0.16,0.004876886250003692,8.285714285714286,8.333333333333334,13185.0,0.93,0.04,0.03,0.02,0.05
endpoint,10,1,0.9956,0.96,0.11,0.005256888750000101,13.0,5.0,13185.0,0.96,0.02,0.02,0.02,0.02
endpoint,10,2,0.9964,0.98,0.09,0.005331278329995208,12.5,12.5,13185.0,0.98,0.0,0.02,0.02,0.0
endpoint,10,3,0.9924,0.91,0.19,0.005273244170002697,17.11111111111111,9.333333333333334,13185.0,0.91,0.06,0.03,0.03,0.06
endpoint,10,4,0.9932,0.89,0.17,0.0053118629200252475,13.090909090909092,8.5,13185.0,0.89,0.09,0.02,0.02,0.09
endpoint,11,0,0.996,0.97,0.12,0.00777401041001208,12.666666666666666,12.666666666666666,13185.0,0.97,0.0,0.03,0.03,0.0
endpoint,11,1,1.0,1.0,0.0,0.00724659041999982,,,13185.0,1.0,0.0,0.0,0.0,0.0
endpoint,11,2,0.9936666666666667,0.96,0.19,0.007315889159999604,16.75,16.75,13185.0,0.96,0.0,0.04,0.04,0.0
endpoint,11,3,0.9940000000000001,0.96,0.18,0.00812337624998684,7.75,7.75,13185.0,0.96,0.0,0.04,0.04,0.0
endpoint,11,4,0.997,0.98,0.09,0.007280725410000708,8.5,8.5,13185.0,0.98,0.0,0.02,0.02,0.0
endpoint,12,0,0.9938888888888888,0.88,0.22,0.009889642090001849,11.833333333333334,11.0,13185.0,0.88,0.1,0.02,0.02,0.1
endpoint,12,1,0.9897222222222223,0.93,0.37,0.0097919616699891,12.428571428571429,5.0,13185.0,0.93,0.02,0.05,0.05,0.02
endpoint,12,2,0.9847222222222223,0.88,0.55,0.009829420000005425,14.5,12.8,13185.0,0.88,0.02,0.1,0.09,0.03
endpoint,12,3,0.9930555555555556,0.89,0.25,0.009764318739998928,19.0,7.666666666666667,13185.0,0.89,0.08,0.03,0.03,0.08
endpoint,12,4,0.9944444444444445,0.85,0.2,0.009889966669998045,21.333333333333332,13.0,13185.0,0.85,0.14,0.01,0.01,0.14
endpoint,13,0,0.9885714285714287,0.92,0.48,0.012197248330003217,13.25,13.25,13185.0,0.92,0.0,0.08,0.08,0.0
endpoint,13,1,0.9885714285714287,0.94,0.48,0.013076928349992141,5.333333333333333,5.333333333333333,13185.0,0.94,0.0,0.06,0.06,0.0
endpoint,13,2,0.9816666666666667,0.86,0.77,0.012967755829995374,24.571428571428573,24.571428571428573,13185.0,0.86,0.0,0.14,0.14,0.0
endpoint,13,3,0.9880952380952381,0.93,0.5,0.012845399999969165,9.285714285714286,9.285714285714286,13185.0,0.93,0.0,0.07,0.07,0.0
endpoint,13,4,0.9926190476190476,0.95,0.31,0.012808096249991607,7.6,7.6,13185.0,0.95,0.0,0.05,0.05,0.0
endpoint,14,0,0.9889795918367347,0.76,0.54,0.016058234170013702,14.916666666666666,9.6,13185.0,0.76,0.19,0.05,0.05,0.19
endpoint,14,1,0.9944897959183673,0.88,0.27,0.018059727089985215,36.75,5.5,13185.0,0.88,0.1,0.02,0.02,0.1
endpoint,14,2,0.9730612244897959,0.78,1.32,0.017845572499991195,22.09090909090909,24.842105263157894,13185.0,0.78,0.03,0.19,0.12,0.1
endpoint,14,3,0.9883673469387755,0.84,0.57,0.017445480399983292,25.6875,12.5,13185.0,0.84,0.1,0.06,0.04,0.12
endpoint,14,4,0.9912244897959184,0.83,0.43,0.017705789999999916,19.11764705882353,7.0,13185.0,0.83,0.13,0.04,0.04,0.13
endpoint,15,0,0.9882142857142857,0.89,0.66,0.020530830850002523,16.0,15.555555555555555,13185.0,0.89,0.02,0.09,0.09,0.02
endpoint,15,1,0.9885714285714287,0.93,0.64,0.021812607089996088,12.0,5.833333333333333,13185.0,0.93,0.01,0.06,0.06,0.01
endpoint,15,2,0.97125,0.78,1.61,0.02148565875999333,24.318181818181817,24.59090909090909,13185.0,0.78,0.0,0.22,0.21,0.01
endpoint,15,3,0.9869642857142857,0.9,0.73,0.021365498759987483,13.3,13.3,13185.0,0.9,0.0,0.1,0.1,0.0
endpoint,15,4,0.9873214285714286,0.91,0.71,0.021198505840002296,14.88888888888889,13.75,13185.0,0.91,0.01,0.08,0.08,0.01
endpoint,16,0,0.98015625,0.67,1.27,0.025777471669998664,16.21212121212121,14.5,13185.0,0.67,0.19,0.14,0.12,0.21
endpoint,16,1,0.99015625,0.8,0.63,0.02774358791999469,47.05,7.25,13185.0,0.8,0.16,0.04,0.04,0.16
endpoint,16,2,0.97203125,0.73,1.79,0.02672535540998062,21.74074074074074,20.35,13185.0,0.73,0.07,0.2,0.18,0.09
endpoint,16,3,0.97703125,0.7,1.47,0.027936781670014118,30.933333333333334,12.571428571428571,13185.0,0.7,0.16,0.14,0.14,0.16
endpoint,16,4,0.98546875,0.75,0.93,0.026776919999992908,26.68,10.333333333333334,13185.0,0.75,0.16,0.09,0.09,0.16
endpoint,17,0,0.9888888888888888,0.86,0.8,0.03329144292000815,17.857142857142858,17.8,13185.0,0.86,0.04,0.1,0.1,0.04
endpoint,17,1,0.9918055555555556,0.93,0.59,0.035352999160022554,32.285714285714285,8.5,13185.0,0.93,0.03,0.04,0.04,0.03
endpoint,17,2,0.9620833333333333,0.73,2.73,0.03399475542000799,28.85185185185185,28.85185185185185,13185.0,0.73,0.0,0.27,0.27,0.0
endpoint,17,3,0.9829166666666667,0.88,1.23,0.0359623349900175,20.0,12.0,13185.0,0.88,0.02,0.1,0.1,0.02
endpoint,17,4,0.9756944444444444,0.84,1.75,0.03291997749998697,15.6875,15.6875,13185.0,0.84,0.0,0.16,0.16,0.0
endpoint,20,0,0.9662999999999999,0.53,3.37,0.058967298750003415,19.06382978723404,13.821428571428571,13185.0,0.53,0.19,0.28,0.27,0.2
endpoint,20,1,0.963,0.65,3.7,0.06440646626000666,48.371428571428574,8.666666666666666,13185.0,0.65,0.17,0.18,0.18,0.17
endpoint,20,2,0.9422,0.53,5.78,0.05871353374999669,31.659574468085108,34.292682926829265,13185.0,0.53,0.06,0.41,0.32,0.15
endpoint,20,3,0.9625,0.55,3.75,0.06194548251000012,40.77777777777778,22.68,13185.0,0.55,0.2,0.25,0.24,0.21
endpoint,20,4,0.9703,0.54,2.97,0.060098653750010236,36.93478260869565,19.85,13185.0,0.54,0.26,0.2,0.18,0.28
endpoint,23,0,0.9642424242424242,0.58,4.72,0.09832939374000484,21.333333333333332,19.228571428571428,13185.0,0.58,0.07,0.35,0.35,0.07
endpoint,23,1,0.9612878787878788,0.8,5.11,0.11025352501001176,10.0,10.0,13185.0,0.8,0.0,0.2,0.2,0.0
endpoint,23,2,0.9333333333333332,0.53,8.8,0.10001499291000067,34.255319148936174,34.255319148936174,13185.0,0.53,0.0,0.47,0.47,0.0
endpoint,23,3,0.9568939393939394,0.64,5.69,0.10183778709000758,19.13888888888889,17.38235294117647,13185.0,0.64,0.02,0.34,0.34,0.02
endpoint,23,4,0.9647727272727272,0.74,4.65,0.10410116500001093,18.153846153846153,17.84,13185.0,0.74,0.01,0.25,0.25,0.01
endpoint,24,0,0.9583333333333333,0.29,6.0,0.11484551832999383,24.52112676056338,18.58974358974359,13185.0,0.29,0.32,0.39,0.36,0.35
endpoint,24,1,0.9654166666666667,0.57,4.98,0.13291185416999718,84.72093023255815,11.588235294117647,13185.0,0.57,0.26,0.17,0.17,0.26
endpoint,24,2,0.9151388888888888,0.43,12.22,0.1136884074999943,20.75438596491228,20.892857142857142,13185.0,0.43,0.01,0.56,0.53,0.04
endpoint,24,3,0.9472222222222223,0.4,7.6,0.11888776333998974,40.666666666666664,18.85,13185.0,0.4,0.2,0.4,0.4,0.2
endpoint,24,4,0.9529861111111111,0.42,6.77,0.11881580416000359,27.24137931034483,17.157894736842106,13185.0,0.42,0.2,0.38,0.37,0.21
endpoint,25,0,0.9570512820512821,0.53,6.7,0.13474226792000077,21.23404255319149,17.37142857142857,13185.0,0.53,0.12,0.35,0.35,0.12
endpoint,25,1,0.9435897435897437,0.68,8.8,0.1483494479200089,22.5625,10.0,13185.0,0.68,0.03,0.29,0.29,0.03
endpoint,25,2,0.9258333333333334,0.47,11.57,0.13559188165998415,32.735849056603776,33.18867924528302,13185.0,0.47,0.0,0.53,0.51,0.02
endpoint,25,3,0.9428205128205128,0.5,8.92,0.13787803876000904,27.7,21.244444444444444,13185.0,0.5,0.05,0.45,0.44,0.06
endpoint,25,4,0.9448076923076922,0.52,8.61,0.1377761620800083,17.291666666666668,15.58695652173913,13185.0,0.52,0.02,0.46,0.46,0.02
endpoint,30,0,0.934088888888889,0.18,14.83,0.26059181917001295,26.78048780487805,21.721311475409838,13185.0,0.18,0.21,0.61,0.61,0.21
endpoint,30,1,0.9335555555555556,0.43,14.95,0.2950920004099862,97.59649122807018,17.393939393939394,13185.0,0.43,0.24,0.33,0.33,0.24
endpoint,30,2,0.8954222222222222,0.22,23.53,0.2553276904099948,49.1025641025641,47.77777777777778,13185.0,0.22,0.06,0.72,0.63,0.15
endpoint,30,3,0.9194666666666668,0.24,18.12,0.26368990042001317,47.98684210526316,24.517241379310345,13185.0,0.24,0.18,0.58,0.57,0.19
endpoint,30,4,0.9269333333333333,0.19,16.44,0.26370640540997553,42.0,30.216666666666665,13185.0,0.19,0.21,0.6,0.56,0.25
endpoint,40,0,0.893575,0.02,42.57,0.7554095620699809,29.591836734693878,29.296703296703296,13185.0,0.02,0.07,0.91,0.87,0.11
endpoint,40,1,0.869225,0.23,52.31,0.839283935429994,84.94805194805195,19.793650793650794,13185.0,0.23,0.14,0.63,0.63,0.14
endpoint,40,2,0.83765,0.01,64.94,0.7056489287400108,32.13131313131313,29.957894736842107,13185.0,0.01,0.04,0.95,0.92,0.07
endpoint,40,3,0.8770749999999999,0.07,49.17,0.7824662541699945,38.623655913978496,27.255555555555556,13185.0,0.07,0.03,0.9,0.9,0.03
endpoint,40,4,0.889875,0.05,44.05,0.876783871250027,32.90526315789474,28.892857142857142,13185.0,0.05,0.11,0.84,0.83,0.12
gnn,6,0,1.0,1.0,0.0,0.00107448707999534,,,38337.0,1.0,0.0,0.0,0.0,0.0
gnn,6,1,1.0,1.0,0.0,0.001182013759998848,,,38337.0,1.0,0.0,0.0,0.0,0.0
gnn,6,2,1.0,1.0,0.0,0.0013441254100052642,,,38337.0,1.0,0.0,0.0,0.0,0.0
gnn,6,3,1.0,1.0,0.0,0.001203855829999116,,,38337.0,1.0,0.0,0.0,0.0,0.0
gnn,6,4,1.0,1.0,0.0,0.001539567490008244,,,38337.0,1.0,0.0,0.0,0.0,0.0
gnn,7,0,0.9983333333333333,0.99,0.02,0.001624011249987204,9.0,9.0,38337.0,0.99,0.0,0.01,0.01,0.0
gnn,7,1,1.0,1.0,0.0,0.001763308329991528,,,38337.0,1.0,0.0,0.0,0.0,0.0
gnn,7,2,0.9966666666666667,0.98,0.04,0.002022122910002468,9.0,9.0,38337.0,0.98,0.0,0.02,0.02,0.0
gnn,7,3,1.0,1.0,0.0,0.001813635830003428,,,38337.0,1.0,0.0,0.0,0.0,0.0
gnn,7,4,1.0,1.0,0.0,0.001986527500002864,,,38337.0,1.0,0.0,0.0,0.0,0.0
gnn,8,0,1.0,1.0,0.0,0.00237514375000494,,,38337.0,1.0,0.0,0.0,0.0,0.0
gnn,8,1,1.0,1.0,0.0,0.002581252909994824,,,38337.0,1.0,0.0,0.0,0.0,0.0
gnn,8,2,1.0,1.0,0.0,0.003936880010005468,,,38337.0,1.0,0.0,0.0,0.0,0.0
gnn,8,3,1.0,1.0,0.0,0.002565556659992552,,,38337.0,1.0,0.0,0.0,0.0,0.0
gnn,8,4,1.0,1.0,0.0,0.005087425819992808,,,38337.0,1.0,0.0,0.0,0.0,0.0
gnn,9,0,0.997,0.98,0.06,0.0034486816699972724,16.5,16.5,38337.0,0.98,0.0,0.02,0.02,0.0
gnn,9,1,1.0,1.0,0.0,0.0038746537399947157,,,38337.0,1.0,0.0,0.0,0.0,0.0
gnn,9,2,0.9940000000000001,0.96,0.12,0.006288511669999868,14.25,14.25,38337.0,0.96,0.0,0.04,0.04,0.0
gnn,9,3,1.0,1.0,0.0,0.00401258374000458,,,38337.0,1.0,0.0,0.0,0.0,0.0
gnn,9,4,0.997,0.98,0.06,0.00518777792000028,15.0,15.0,38337.0,0.98,0.0,0.02,0.02,0.0
gnn,10,0,0.9968,0.98,0.08,0.005552439160010128,18.0,19.0,38337.0,0.98,0.0,0.02,0.0,0.02
gnn,10,1,0.9984000000000001,0.99,0.04,0.0061439362399868915,20.0,20.0,38337.0,0.99,0.0,0.01,0.01,0.0
gnn,10,2,0.9984000000000001,0.99,0.04,0.012697861249998783,8.0,8.0,38337.0,0.99,0.0,0.01,0.01,0.0
gnn,10,3,1.0,1.0,0.0,0.005755962510011108,,,38337.0,1.0,0.0,0.0,0.0,0.0
gnn,10,4,0.998,0.99,0.05,0.008736359160002344,9.0,9.0,38337.0,0.99,0.0,0.01,0.01,0.0
gnn,11,0,0.9903333333333333,0.93,0.29,0.007819297499991013,17.285714285714285,17.285714285714285,38337.0,0.93,0.0,0.07,0.07,0.0
gnn,11,1,1.0,1.0,0.0,0.008175587080004288,,,38337.0,1.0,0.0,0.0,0.0,0.0
gnn,11,2,0.9926666666666667,0.95,0.22,0.009039332080010308,15.6,15.6,38337.0,0.95,0.0,0.05,0.05,0.0
gnn,11,3,1.0,1.0,0.0,0.012316024150004488,,,38337.0,1.0,0.0,0.0,0.0,0.0
gnn,11,4,0.9926666666666667,0.95,0.22,0.010871246670003472,16.2,16.2,38337.0,0.95,0.0,0.05,0.05,0.0
gnn,12,0,0.9947222222222223,0.96,0.19,0.010622819600011952,14.25,12.0,38337.0,0.96,0.01,0.03,0.02,0.02
gnn,12,1,0.9986111111111111,0.99,0.05,0.009958949159999932,28.0,28.0,38337.0,0.99,0.0,0.01,0.01,0.0
gnn,12,2,0.9947222222222223,0.97,0.19,0.01312303752000839,10.333333333333334,10.333333333333334,38337.0,0.97,0.0,0.03,0.03,0.0
gnn,12,3,0.9958333333333332,0.97,0.15,0.010159514580000145,16.0,8.5,38337.0,0.97,0.01,0.02,0.02,0.01
gnn,12,4,0.9972222222222222,0.98,0.1,0.014893903319989412,10.5,10.5,38337.0,0.98,0.0,0.02,0.02,0.0
gnn,13,0,0.9880952380952381,0.92,0.5,0.014059082090016049,10.5,10.5,38337.0,0.92,0.0,0.08,0.08,0.0
gnn,13,1,0.9961904761904762,0.97,0.16,0.014101227509991023,9.666666666666666,9.666666666666666,38337.0,0.97,0.0,0.03,0.03,0.0
gnn,13,2,0.9907142857142857,0.94,0.39,0.016082867080003713,12.5,12.5,38337.0,0.94,0.0,0.06,0.06,0.0
gnn,13,3,0.994047619047619,0.96,0.25,0.013164854579999828,9.0,9.0,38337.0,0.96,0.0,0.04,0.04,0.0
gnn,13,4,0.9883333333333333,0.92,0.49,0.018523734999998796,22.375,22.375,38337.0,0.92,0.0,0.08,0.08,0.0
gnn,14,0,0.9910204081632653,0.93,0.44,0.019301201660000475,14.285714285714286,10.333333333333334,38337.0,0.93,0.01,0.06,0.06,0.01
gnn,14,1,0.9951020408163265,0.96,0.24,0.020222693729992844,18.5,18.5,38337.0,0.96,0.0,0.04,0.04,0.0
gnn,14,2,0.9885714285714287,0.91,0.56,0.0185696245899998,14.88888888888889,15.375,38337.0,0.91,0.01,0.08,0.08,0.01
gnn,14,3,0.9891836734693878,0.88,0.53,0.01804378666000955,29.5,19.857142857142858,38337.0,0.88,0.05,0.07,0.07,0.05
gnn,14,4,0.9932653061224489,0.95,0.33,0.024550974170006127,21.8,17.75,38337.0,0.95,0.01,0.04,0.04,0.01
gnn,15,0,0.9773214285714286,0.83,1.27,0.023680864590005447,16.41176470588235,16.41176470588235,38337.0,0.83,0.0,0.17,0.17,0.0
gnn,15,1,0.994642857142857,0.96,0.3,0.02501245833000207,12.5,12.5,38337.0,0.96,0.0,0.04,0.04,0.0
gnn,15,2,0.9794642857142857,0.83,1.15,0.023954181259987252,21.941176470588236,21.941176470588236,38337.0,0.83,0.0,0.17,0.17,0.0
gnn,15,3,0.9889285714285714,0.92,0.62,0.023335438340000052,13.625,13.625,38337.0,0.92,0.0,0.08,0.08,0.0
gnn,15,4,0.9830357142857143,0.89,0.95,0.03177725876001202,22.363636363636363,22.363636363636363,38337.0,0.89,0.0,0.11,0.11,0.0
gnn,16,0,0.9675,0.76,2.08,0.029528044169992395,17.291666666666668,15.590909090909092,38337.0,0.76,0.02,0.22,0.19,0.05
gnn,16,1,0.9871875,0.91,0.82,0.030562471670018517,17.11111111111111,17.333333333333332,38337.0,0.91,0.0,0.09,0.08,0.01
gnn,16,2,0.98734375,0.91,0.81,0.03025446540999833,16.77777777777778,16.77777777777778,38337.0,0.91,0.0,0.09,0.09,0.0
gnn,16,3,0.96671875,0.74,2.13,0.027722593340004063,21.307692307692307,13.0,38337.0,0.74,0.05,0.21,0.21,0.05
gnn,16,4,0.98703125,0.92,0.83,0.03792001124999842,22.625,23.25,38337.0,0.92,0.0,0.08,0.05,0.03
gnn,17,0,0.9604166666666667,0.7,2.85,0.03824085957999154,22.6,22.6,38337.0,0.7,0.0,0.3,0.3,0.0
gnn,17,1,0.9861111111111112,0.88,1.0,0.03959466498000433,21.416666666666668,21.416666666666668,38337.0,0.88,0.0,0.12,0.12,0.0
gnn,17,2,0.9668055555555556,0.74,2.39,0.03560740249999974,19.076923076923077,19.076923076923077,38337.0,0.74,0.0,0.26,0.26,0.0
gnn,17,3,0.9794444444444445,0.85,1.48,0.0391124812500038,15.866666666666667,15.866666666666667,38337.0,0.85,0.0,0.15,0.15,0.0
gnn,17,4,0.9777777777777777,0.85,1.6,0.04001880333001278,30.533333333333335,30.533333333333335,38337.0,0.85,0.0,0.15,0.15,0.0
gnn,20,0,0.9447,0.56,5.53,0.0629842312400069,21.113636363636363,17.35,38337.0,0.56,0.04,0.4,0.38,0.06
gnn,20,1,0.9789,0.8,2.11,0.0633369954199861,21.9,17.294117647058822,38337.0,0.8,0.03,0.17,0.17,0.03
gnn,20,2,0.9536,0.64,4.64,0.061477687930009746,20.02777777777778,20.083333333333332,38337.0,0.64,0.0,0.36,0.35,0.01
gnn,20,3,0.9519,0.65,4.81,0.06637961250000442,28.97142857142857,21.06451612903226,38337.0,0.65,0.04,0.31,0.31,0.04
gnn,20,4,0.9682000000000001,0.74,3.18,0.07362231623999828,46.15384615384615,41.666666666666664,38337.0,0.74,0.05,0.21,0.14,0.12
gnn,23,0,0.9245454545454546,0.46,9.96,0.10137969583999616,20.35185185185185,20.35185185185185,38337.0,0.46,0.0,0.54,0.54,0.0
gnn,23,1,0.9571969696969697,0.65,5.65,0.10585110166000046,24.457142857142856,24.457142857142856,38337.0,0.65,0.0,0.35,0.35,0.0
gnn,23,2,0.9242424242424242,0.42,10.0,0.09713375125000306,23.24137931034483,23.24137931034483,38337.0,0.42,0.0,0.58,0.58,0.0
gnn,23,3,0.9514393939393939,0.64,6.41,0.1119346050000058,24.305555555555557,24.305555555555557,38337.0,0.64,0.0,0.36,0.36,0.0
gnn,23,4,0.9666666666666667,0.77,4.4,0.12242999125999628,46.21739130434783,46.21739130434783,38337.0,0.77,0.0,0.23,0.23,0.0
gnn,24,0,0.9029861111111112,0.32,13.97,0.11112522956999779,23.205882352941178,20.892307692307693,38337.0,0.32,0.03,0.65,0.63,0.05
gnn,24,1,0.9597916666666667,0.64,5.79,0.127884045819992,29.666666666666668,28.5,38337.0,0.64,0.02,0.34,0.34,0.02
gnn,24,2,0.924375,0.4,10.89,0.12344365374000515,22.683333333333334,22.93103448275862,38337.0,0.4,0.02,0.58,0.57,0.03
gnn,24,3,0.9140972222222223,0.38,12.37,0.13825878958998142,33.88709677419355,23.446428571428573,38337.0,0.38,0.06,0.56,0.56,0.06
gnn,24,4,0.95625,0.65,6.3,0.1402117337400068,51.48571428571429,46.1,38337.0,0.65,0.05,0.3,0.24,0.11
gnn,25,0,0.9077564102564102,0.34,14.39,0.1277803804000086,25.348484848484848,25.348484848484848,38337.0,0.34,0.0,0.66,0.66,0.0
gnn,25,1,0.9522435897435898,0.6,7.45,0.15300799415998878,26.825,26.825,38337.0,0.6,0.0,0.4,0.4,0.0
gnn,25,2,0.9127564102564102,0.29,13.61,0.13700184373999033,23.211267605633804,23.211267605633804,38337.0,0.29,0.0,0.71,0.71,0.0
gnn,25,3,0.9303205128205129,0.5,10.87,0.1667193816699909,23.82,23.82,38337.0,0.5,0.0,0.5,0.5,0.0
gnn,25,4,0.9559615384615385,0.69,6.87,0.16388489164999548,49.516129032258064,49.516129032258064,38337.0,0.69,0.0,0.31,0.31,0.0
gnn,30,0,0.865688888888889,0.1,30.22,0.24818774334000404,35.0,31.08235294117647,38337.0,0.1,0.05,0.85,0.81,0.09
gnn,30,1,0.9238666666666667,0.35,17.13,0.2986832083400076,36.215384615384615,33.546875,38337.0,0.35,0.01,0.64,0.62,0.03
gnn,30,2,0.8855555555555555,0.21,25.75,0.2555961349900098,27.911392405063292,28.115384615384617,38337.0,0.21,0.01,0.78,0.76,0.03
gnn,30,3,0.8896444444444443,0.2,24.83,0.3413018083299994,40.3875,29.106666666666666,38337.0,0.2,0.05,0.75,0.74,0.06
gnn,30,4,0.9325777777777777,0.43,15.17,0.3206213141700118,82.50877192982456,47.55,38337.0,0.43,0.17,0.4,0.36,0.21
gnn,40,0,0.802375,0.02,79.05,0.7165493341699858,29.622448979591837,29.632653061224488,38337.0,0.02,0.0,0.98,0.97,0.01
gnn,40,1,0.868275,0.12,52.69,0.80020311958001,37.34090909090909,36.95402298850575,38337.0,0.12,0.01,0.87,0.87,0.01
gnn,40,2,0.832125,0.07,67.15,0.7987528450100126,35.354838709677416,35.483870967741936,38337.0,0.07,0.0,0.93,0.89,0.04
gnn,40,3,0.83575,0.06,65.7,0.863875539590008,37.07446808510638,33.376344086021504,38337.0,0.06,0.01,0.93,0.93,0.01
gnn,40,4,0.8867499999999999,0.29,45.3,0.9267825887399885,76.45070422535211,44.87096774193548,38337.0,0.29,0.09,0.62,0.61,0.1
least_degree,6,0,0.9911111111111112,0.96,0.08,0.000243719179998112,7.0,7.0,0.0,0.96,0.0,0.04,0.04,0.0
least_degree,6,1,0.9911111111111112,0.96,0.08,0.000246387080023816,7.0,7.0,0.0,0.96,0.0,0.04,0.04,0.0
least_degree,6,2,0.9866666666666667,0.94,0.12,0.000251563750007308,7.0,7.0,0.0,0.94,0.0,0.06,0.06,0.0
least_degree,6,3,0.9888888888888888,0.95,0.1,0.00027015416997520003,7.0,7.0,0.0,0.95,0.0,0.05,0.05,0.0
least_degree,6,4,0.9822222222222223,0.92,0.16,0.000267423330005812,7.0,7.0,0.0,0.92,0.0,0.08,0.08,0.0
least_degree,7,0,0.8433333333333334,0.06,1.88,0.000337374589998904,6.882978723404255,6.882978723404255,0.0,0.06,0.0,0.94,0.94,0.0
least_degree,7,1,0.8383333333333334,0.03,1.94,0.000293947910013176,6.938144329896907,6.938144329896907,0.0,0.03,0.0,0.97,0.97,0.0
least_degree,7,2,0.835,0.01,1.98,0.000297807490005592,7.02020202020202,7.02020202020202,0.0,0.01,0.0,0.99,0.99,0.0
least_degree,7,3,0.8383333333333334,0.03,1.94,0.000319282489999724,6.969072164948454,6.969072164948454,0.0,0.03,0.0,0.97,0.97,0.0
least_degree,7,4,0.8366666666666667,0.02,1.96,0.00030208040998328,6.948979591836735,6.948979591836735,0.0,0.02,0.0,0.98,0.98,0.0
least_degree,8,0,0.85,0.37,2.4,0.00044681874001975595,9.682539682539682,9.682539682539682,0.0,0.37,0.0,0.63,0.63,0.0
least_degree,8,1,0.834375,0.3,2.65,0.00047298373996453204,9.914285714285715,9.914285714285715,0.0,0.3,0.0,0.7,0.7,0.0
least_degree,8,2,0.8475,0.34,2.44,0.000438713749990648,9.606060606060606,9.606060606060606,0.0,0.34,0.0,0.66,0.66,0.0
least_degree,8,3,0.858125,0.37,2.27,0.000471677090008544,9.73015873015873,9.73015873015873,0.0,0.37,0.0,0.63,0.63,0.0
least_degree,8,4,0.863125,0.41,2.19,0.000471362500011264,9.796610169491526,9.796610169491526,0.0,0.41,0.0,0.59,0.59,0.0
least_degree,9,0,0.8205,0.0,3.59,0.000596488320006684,8.81,8.81,0.0,0.0,0.0,1.0,1.0,0.0
least_degree,9,1,0.8284999999999999,0.0,3.43,0.000589217090000584,8.74,8.74,0.0,0.0,0.0,1.0,1.0,0.0
least_degree,9,2,0.8155,0.0,3.69,0.0006354275099874479,8.64,8.64,0.0,0.0,0.0,1.0,1.0,0.0
least_degree,9,3,0.8275,0.0,3.45,0.0006428825100010239,8.82,8.82,0.0,0.0,0.0,1.0,1.0,0.0
least_degree,9,4,0.8255,0.0,3.49,0.0006294049999996359,8.83,8.83,0.0,0.0,0.0,1.0,1.0,0.0
least_degree,10,0,0.8251999999999999,0.23,4.37,0.001686250839993528,12.168831168831169,12.168831168831169,0.0,0.23,0.0,0.77,0.77,0.0
least_degree,10,1,0.8228,0.26,4.43,0.000888169999998328,12.067567567567568,12.067567567567568,0.0,0.26,0.0,0.74,0.74,0.0
least_degree,10,2,0.82,0.22,4.5,0.000846464599999268,12.243589743589743,12.243589743589743,0.0,0.22,0.0,0.78,0.78,0.0
least_degree,10,3,0.7984,0.11,5.04,0.000782871669998676,12.280898876404494,12.280898876404494,0.0,0.11,0.0,0.89,0.89,0.0
least_degree,10,4,0.7879999999999999,0.09,5.3,0.0007986512500064599,12.208791208791208,12.208791208791208,0.0,0.09,0.0,0.91,0.91,0.0
least_degree,11,0,0.7843333333333333,0.0,6.47,0.001131978329994968,10.76,10.76,0.0,0.0,0.0,1.0,1.0,0.0
least_degree,11,1,0.7909999999999999,0.0,6.27,0.0010455049999836081,10.79,10.79,0.0,0.0,0.0,1.0,1.0,0.0
least_degree,11,2,0.7926666666666666,0.0,6.22,0.001067512919980736,10.65,10.65,0.0,0.0,0.0,1.0,1.0,0.0
least_degree,11,3,0.7876666666666666,0.0,6.37,0.00113650293000314,10.59,10.59,0.0,0.0,0.0,1.0,1.0,0.0
least_degree,11,4,0.7803333333333333,0.0,6.59,0.0011116691699862159,10.86,10.86,0.0,0.0,0.0,1.0,1.0,0.0
least_degree,12,0,0.7711111111111112,0.07,8.24,0.00145535167001064,14.408602150537634,14.408602150537634,0.0,0.07,0.0,0.93,0.93,0.0
least_degree,12,1,0.7713888888888889,0.06,8.23,0.00156282167999956,14.77659574468085,14.77659574468085,0.0,0.06,0.0,0.94,0.94,0.0
least_degree,12,2,0.7672222222222222,0.05,8.38,0.00141710583999152,14.610526315789473,14.610526315789473,0.0,0.05,0.0,0.95,0.95,0.0
least_degree,12,3,0.7688888888888888,0.05,8.32,0.00145963000999466,14.715789473684211,14.715789473684211,0.0,0.05,0.0,0.95,0.95,0.0
least_degree,12,4,0.7547222222222223,0.01,8.83,0.0014626454199969442,14.696969696969697,14.696969696969697,0.0,0.01,0.0,0.99,0.99,0.0
least_degree,13,0,0.7378571428571429,0.0,11.01,0.001669333339996148,12.54,12.54,0.0,0.0,0.0,1.0,1.0,0.0
least_degree,13,1,0.7473809523809524,0.0,10.61,0.001894662919967188,12.66,12.66,0.0,0.0,0.0,1.0,1.0,0.0
least_degree,13,2,0.745952380952381,0.0,10.67,0.002681952070015512,12.7,12.7,0.0,0.0,0.0,1.0,1.0,0.0
least_degree,13,3,0.7442857142857143,0.0,10.74,0.001781745830012288,12.61,12.61,0.0,0.0,0.0,1.0,1.0,0.0
least_degree,13,4,0.7519047619047619,0.0,10.42,0.0026312995899933924,12.73,12.73,0.0,0.0,0.0,1.0,1.0,0.0
least_degree,14,0,0.7306122448979592,0.02,13.2,0.002321958739994388,16.948979591836736,16.948979591836736,0.0,0.02,0.0,0.98,0.98,0.0
least_degree,14,1,0.7351020408163265,0.02,12.98,0.0023969583299912798,16.581632653061224,16.581632653061224,0.0,0.02,0.0,0.98,0.98,0.0
least_degree,14,2,0.7261224489795919,0.02,13.42,0.0022480287599864436,16.53061224489796,16.53061224489796,0.0,0.02,0.0,0.98,0.98,0.0
least_degree,14,3,0.730204081632653,0.01,13.22,0.002272129169996296,16.707070707070706,16.707070707070706,0.0,0.01,0.0,0.99,0.99,0.0
least_degree,14,4,0.7448979591836735,0.0,12.5,0.0023666083399984518,16.83,16.83,0.0,0.0,0.0,1.0,1.0,0.0
least_degree,15,0,0.7176785714285714,0.0,15.81,0.002805832499998332,14.57,14.57,0.0,0.0,0.0,1.0,1.0,0.0
least_degree,15,1,0.7108928571428571,0.0,16.19,0.00287308876000676,14.64,14.64,0.0,0.0,0.0,1.0,1.0,0.0
least_degree,15,2,0.7289285714285714,0.0,15.18,0.0029569058499872964,14.73,14.73,0.0,0.0,0.0,1.0,1.0,0.0
least_degree,15,3,0.7264285714285714,0.0,15.32,0.002917295400002288,14.6,14.6,0.0,0.0,0.0,1.0,1.0,0.0
least_degree,15,4,0.7105357142857143,0.0,16.21,0.002862711679990732,14.52,14.52,0.0,0.0,0.0,1.0,1.0,0.0
least_degree,16,0,0.6975,0.0,19.36,0.003537125410039092,18.54,18.54,0.0,0.0,0.0,1.0,1.0,0.0
least_degree,16,1,0.704375,0.01,18.92,0.004391805399973172,18.848484848484848,18.848484848484848,0.0,0.01,0.0,0.99,0.99,0.0
least_degree,16,2,0.70109375,0.0,19.13,0.003532003750024092,18.84,18.84,0.0,0.0,0.0,1.0,1.0,0.0
least_degree,16,3,0.699375,0.0,19.24,0.00434413666998804,19.01,19.01,0.0,0.0,0.0,1.0,1.0,0.0
least_degree,16,4,0.6990625,0.0,19.26,0.0035795762499764437,18.6,18.6,0.0,0.0,0.0,1.0,1.0,0.0
least_degree,17,0,0.6890277777777777,0.0,22.39,0.004329804570006616,16.62,16.62,0.0,0.0,0.0,1.0,1.0,0.0
least_degree,17,1,0.6880555555555555,0.0,22.46,0.004309405000003552,16.68,16.68,0.0,0.0,0.0,1.0,1.0,0.0
least_degree,17,2,0.6972222222222223,0.0,21.8,0.004507682909988896,16.46,16.46,0.0,0.0,0.0,1.0,1.0,0.0
least_degree,17,3,0.69625,0.0,21.87,0.004417714600003784,16.46,16.46,0.0,0.0,0.0,1.0,1.0,0.0
least_degree,17,4,0.6847222222222222,0.0,22.7,0.00443186706999762,16.55,16.55,0.0,0.0,0.0,1.0,1.0,0.0
least_degree,20,0,0.6479,0.0,35.21,0.007449048750004252,22.33,22.33,0.0,0.0,0.0,1.0,1.0,0.0
least_degree,20,1,0.6509999999999999,0.0,34.9,0.008255611240001516,22.57,22.57,0.0,0.0,0.0,1.0,1.0,0.0
least_degree,20,2,0.649,0.0,35.1,0.007453461659988479,22.53,22.53,0.0,0.0,0.0,1.0,1.0,0.0
least_degree,20,3,0.6557999999999999,0.0,34.42,0.008355068749988209,23.09,23.09,0.0,0.0,0.0,1.0,1.0,0.0
least_degree,20,4,0.6517000000000001,0.0,34.83,0.007615929159983283,22.91,22.91,0.0,0.0,0.0,1.0,1.0,0.0
least_degree,23,0,0.6292424242424243,0.0,48.94,0.012469604150010085,22.55,22.55,0.0,0.0,0.0,1.0,1.0,0.0
least_degree,23,1,0.6268181818181818,0.0,49.26,0.012201567510019188,22.51,22.51,0.0,0.0,0.0,1.0,1.0,0.0
least_degree,23,2,0.6271212121212121,0.0,49.22,0.01318791874002268,22.33,22.33,0.0,0.0,0.0,1.0,1.0,0.0
least_degree,23,3,0.6216666666666666,0.0,49.94,0.011940407509991875,22.55,22.55,0.0,0.0,0.0,1.0,1.0,0.0
least_degree,23,4,0.6183333333333334,0.0,50.38,0.012109092499995276,22.38,22.38,0.0,0.0,0.0,1.0,1.0,0.0
least_degree,24,0,0.6172222222222222,0.0,55.12,0.014282113750014076,26.65,26.65,0.0,0.0,0.0,1.0,1.0,0.0
least_degree,24,1,0.6196527777777778,0.0,54.77,0.014980284989996939,26.78,26.78,0.0,0.0,0.0,1.0,1.0,0.0
least_degree,24,2,0.6129861111111111,0.0,55.73,0.015386342099991412,26.81,26.81,0.0,0.0,0.0,1.0,1.0,0.0
least_degree,24,3,0.614375,0.0,55.53,0.014105489169996828,26.79,26.79,0.0,0.0,0.0,1.0,1.0,0.0
least_degree,24,4,0.611875,0.0,55.89,0.013893417490016819,26.68,26.68,0.0,0.0,0.0,1.0,1.0,0.0
least_degree,25,0,0.6098717948717949,0.0,60.86,0.01707974793000171,24.47,24.47,0.0,0.0,0.0,1.0,1.0,0.0
least_degree,25,1,0.6154487179487179,0.0,59.99,0.016517379590004544,24.51,24.51,0.0,0.0,0.0,1.0,1.0,0.0
least_degree,25,2,0.6080769230769231,0.0,61.14,0.016685723329992404,24.23,24.23,0.0,0.0,0.0,1.0,1.0,0.0
least_degree,25,3,0.615,0.0,60.06,0.01653504040999901,24.29,24.29,0.0,0.0,0.0,1.0,1.0,0.0
least_degree,25,4,0.611474358974359,0.0,60.61,0.016049164159994647,24.15,24.15,0.0,0.0,0.0,1.0,1.0,0.0
least_degree,30,0,0.5690222222222222,0.0,96.97,0.02997948750000429,32.64,32.64,0.0,0.0,0.0,1.0,1.0,0.0
least_degree,30,1,0.5748,0.0,95.67,0.030939142920014925,32.7,32.7,0.0,0.0,0.0,1.0,1.0,0.0
least_degree,30,2,0.5722666666666667,0.0,96.24,0.030361054590011885,32.45,32.45,0.0,0.0,0.0,1.0,1.0,0.0
least_degree,30,3,0.5755111111111111,0.0,95.51,0.031135971240000733,32.62,32.62,0.0,0.0,0.0,1.0,1.0,0.0
least_degree,30,4,0.5725333333333333,0.0,96.18,0.031115121249986236,32.73,32.73,0.0,0.0,0.0,1.0,1.0,0.0
least_degree,40,0,0.519775,0.0,192.09,0.08929675580999169,42.62,42.62,0.0,0.0,0.0,1.0,1.0,0.0
least_degree,40,1,0.5182,0.0,192.72,0.08829726001000376,42.55,42.55,0.0,0.0,0.0,1.0,1.0,0.0
least_degree,40,2,0.5191250000000001,0.0,192.35,0.08798732790999562,42.73,42.73,0.0,0.0,0.0,1.0,1.0,0.0
least_degree,40,3,0.5225,0.0,191.0,0.08851742834001917,42.77,42.77,0.0,0.0,0.0,1.0,1.0,0.0
least_degree,40,4,0.5199750000000001,0.0,192.01,0.08867827706999369,42.94,42.94,0.0,0.0,0.0,1.0,1.0,0.0
lookahead,6,0,1.0,1.0,0.0,0.00028415040002069197,,,0.0,1.0,0.0,0.0,0.0,0.0
lookahead,6,1,1.0,1.0,0.0,0.000285970009972504,,,0.0,1.0,0.0,0.0,0.0,0.0
lookahead,6,2,1.0,1.0,0.0,0.000255592920002492,,,0.0,1.0,0.0,0.0,0.0,0.0
lookahead,6,3,1.0,1.0,0.0,0.00026401626002547603,,,0.0,1.0,0.0,0.0,0.0,0.0
lookahead,6,4,1.0,1.0,0.0,0.00027103667000116,,,0.0,1.0,0.0,0.0,0.0,0.0
lookahead,7,0,1.0,1.0,0.0,0.00042440460001668794,,,0.0,1.0,0.0,0.0,0.0,0.0
lookahead,7,1,1.0,1.0,0.0,0.00038305499998382396,,,0.0,1.0,0.0,0.0,0.0,0.0
lookahead,7,2,1.0,1.0,0.0,0.000422719170019212,,,0.0,1.0,0.0,0.0,0.0,0.0
lookahead,7,3,1.0,1.0,0.0,0.000382258750032588,,,0.0,1.0,0.0,0.0,0.0,0.0
lookahead,7,4,1.0,1.0,0.0,0.000441754990006248,,,0.0,1.0,0.0,0.0,0.0,0.0
lookahead,8,0,1.0,1.0,0.0,0.000595949599974048,,,0.0,1.0,0.0,0.0,0.0,0.0
lookahead,8,1,1.0,1.0,0.0,0.000583820829960996,,,0.0,1.0,0.0,0.0,0.0,0.0
lookahead,8,2,1.0,1.0,0.0,0.0005899004200181839,,,0.0,1.0,0.0,0.0,0.0,0.0
lookahead,8,3,1.0,1.0,0.0,0.000630098329984268,,,0.0,1.0,0.0,0.0,0.0,0.0
lookahead,8,4,1.0,1.0,0.0,0.000617948750023024,,,0.0,1.0,0.0,0.0,0.0,0.0
lookahead,9,0,1.0,1.0,0.0,0.000839020000003,,,0.0,1.0,0.0,0.0,0.0,0.0
lookahead,9,1,1.0,1.0,0.0,0.000888397489998112,,,0.0,1.0,0.0,0.0,0.0,0.0
lookahead,9,2,1.0,1.0,0.0,0.000831727510012536,,,0.0,1.0,0.0,0.0,0.0,0.0
lookahead,9,3,1.0,1.0,0.0,0.0008540687599815721,,,0.0,1.0,0.0,0.0,0.0,0.0
lookahead,9,4,1.0,1.0,0.0,0.0008686008299991439,,,0.0,1.0,0.0,0.0,0.0,0.0
lookahead,10,0,1.0,1.0,0.0,0.002080615000013444,,,0.0,1.0,0.0,0.0,0.0,0.0
lookahead,10,1,1.0,1.0,0.0,0.001247362500016564,,,0.0,1.0,0.0,0.0,0.0,0.0
lookahead,10,2,1.0,1.0,0.0,0.0012193491699872,,,0.0,1.0,0.0,0.0,0.0,0.0
lookahead,10,3,1.0,1.0,0.0,0.001235391659993116,,,0.0,1.0,0.0,0.0,0.0,0.0
lookahead,10,4,1.0,1.0,0.0,0.002004267920019584,,,0.0,1.0,0.0,0.0,0.0,0.0
lookahead,11,0,1.0,1.0,0.0,0.0017873491600039321,,,0.0,1.0,0.0,0.0,0.0,0.0
lookahead,11,1,1.0,1.0,0.0,0.002594488320009916,,,0.0,1.0,0.0,0.0,0.0,0.0
lookahead,11,2,1.0,1.0,0.0,0.0017526987500059161,,,0.0,1.0,0.0,0.0,0.0,0.0
lookahead,11,3,1.0,1.0,0.0,0.001708236259983056,,,0.0,1.0,0.0,0.0,0.0,0.0
lookahead,11,4,1.0,1.0,0.0,0.0017409970900189,,,0.0,1.0,0.0,0.0,0.0,0.0
lookahead,12,0,1.0,1.0,0.0,0.0023484237499724002,,,0.0,1.0,0.0,0.0,0.0,0.0
lookahead,12,1,1.0,1.0,0.0,0.002241052900008004,,,0.0,1.0,0.0,0.0,0.0,0.0
lookahead,12,2,1.0,1.0,0.0,0.002273487910006168,,,0.0,1.0,0.0,0.0,0.0,0.0
lookahead,12,3,1.0,1.0,0.0,0.0023472312399825802,,,0.0,1.0,0.0,0.0,0.0,0.0
lookahead,12,4,1.0,1.0,0.0,0.002336931659992828,,,0.0,1.0,0.0,0.0,0.0,0.0
lookahead,13,0,1.0,1.0,0.0,0.0029109700099979358,,,0.0,1.0,0.0,0.0,0.0,0.0
lookahead,13,1,1.0,1.0,0.0,0.003086070829995088,,,0.0,1.0,0.0,0.0,0.0,0.0
lookahead,13,2,1.0,1.0,0.0,0.003085703340002452,,,0.0,1.0,0.0,0.0,0.0,0.0
lookahead,13,3,1.0,1.0,0.0,0.00310152583999294,,,0.0,1.0,0.0,0.0,0.0,0.0
lookahead,13,4,1.0,1.0,0.0,0.003175380420016108,,,0.0,1.0,0.0,0.0,0.0,0.0
lookahead,14,0,1.0,1.0,0.0,0.004057894579982488,,,0.0,1.0,0.0,0.0,0.0,0.0
lookahead,14,1,1.0,1.0,0.0,0.004164081660019256,,,0.0,1.0,0.0,0.0,0.0,0.0
lookahead,14,2,1.0,1.0,0.0,0.00497776083000638,,,0.0,1.0,0.0,0.0,0.0,0.0
lookahead,14,3,1.0,1.0,0.0,0.004133895830000216,,,0.0,1.0,0.0,0.0,0.0,0.0
lookahead,14,4,1.0,1.0,0.0,0.004068253329969524,,,0.0,1.0,0.0,0.0,0.0,0.0
lookahead,15,0,1.0,1.0,0.0,0.005160990420008544,,,0.0,1.0,0.0,0.0,0.0,0.0
lookahead,15,1,1.0,1.0,0.0,0.005421619999997288,,,0.0,1.0,0.0,0.0,0.0,0.0
lookahead,15,2,1.0,1.0,0.0,0.005353478730012236,,,0.0,1.0,0.0,0.0,0.0,0.0
lookahead,15,3,1.0,1.0,0.0,0.00616971125000414,,,0.0,1.0,0.0,0.0,0.0,0.0
lookahead,15,4,1.0,1.0,0.0,0.00524147875001282,,,0.0,1.0,0.0,0.0,0.0,0.0
lookahead,16,0,1.0,1.0,0.0,0.006786222079990668,,,0.0,1.0,0.0,0.0,0.0,0.0
lookahead,16,1,1.0,1.0,0.0,0.00678510208001166,,,0.0,1.0,0.0,0.0,0.0,0.0
lookahead,16,2,1.0,1.0,0.0,0.006818473340008447,,,0.0,1.0,0.0,0.0,0.0,0.0
lookahead,16,3,1.0,1.0,0.0,0.006910589180006315,,,0.0,1.0,0.0,0.0,0.0,0.0
lookahead,16,4,1.0,1.0,0.0,0.006830722929989807,,,0.0,1.0,0.0,0.0,0.0,0.0
lookahead,17,0,1.0,1.0,0.0,0.008523845420004316,,,0.0,1.0,0.0,0.0,0.0,0.0
lookahead,17,1,1.0,1.0,0.0,0.009424415419998665,,,0.0,1.0,0.0,0.0,0.0,0.0
lookahead,17,2,1.0,1.0,0.0,0.008499943339993411,,,0.0,1.0,0.0,0.0,0.0,0.0
lookahead,17,3,1.0,1.0,0.0,0.008603042089998703,,,0.0,1.0,0.0,0.0,0.0,0.0
lookahead,17,4,1.0,1.0,0.0,0.008525197899980375,,,0.0,1.0,0.0,0.0,0.0,0.0
lookahead,20,0,1.0,1.0,0.0,0.016559155419999968,,,0.0,1.0,0.0,0.0,0.0,0.0
lookahead,20,1,1.0,1.0,0.0,0.016461121659995043,,,0.0,1.0,0.0,0.0,0.0,0.0
lookahead,20,2,1.0,1.0,0.0,0.015762205000009948,,,0.0,1.0,0.0,0.0,0.0,0.0
lookahead,20,3,1.0,1.0,0.0,0.01681405957999226,,,0.0,1.0,0.0,0.0,0.0,0.0
lookahead,20,4,1.0,1.0,0.0,0.015771357499997925,,,0.0,1.0,0.0,0.0,0.0,0.0
lookahead,23,0,1.0,1.0,0.0,0.02814389626002589,,,0.0,1.0,0.0,0.0,0.0,0.0
lookahead,23,1,1.0,1.0,0.0,0.0283059658300044,,,0.0,1.0,0.0,0.0,0.0,0.0
lookahead,23,2,1.0,1.0,0.0,0.027755025009992024,,,0.0,1.0,0.0,0.0,0.0,0.0
lookahead,23,3,1.0,1.0,0.0,0.028136990830007504,,,0.0,1.0,0.0,0.0,0.0,0.0
lookahead,23,4,1.0,1.0,0.0,0.028903032070011214,,,0.0,1.0,0.0,0.0,0.0,0.0
lookahead,24,0,1.0,1.0,0.0,0.03314714001002352,,,0.0,1.0,0.0,0.0,0.0,0.0
lookahead,24,1,1.0,1.0,0.0,0.032147481250012745,,,0.0,1.0,0.0,0.0,0.0,0.0
lookahead,24,2,1.0,1.0,0.0,0.033438486659997525,,,0.0,1.0,0.0,0.0,0.0,0.0
lookahead,24,3,1.0,1.0,0.0,0.03227975750000039,,,0.0,1.0,0.0,0.0,0.0,0.0
lookahead,24,4,1.0,1.0,0.0,0.03238174416001127,,,0.0,1.0,0.0,0.0,0.0,0.0
lookahead,25,0,1.0,1.0,0.0,0.03867782250001248,,,0.0,1.0,0.0,0.0,0.0,0.0
lookahead,25,1,1.0,1.0,0.0,0.03775980582002372,,,0.0,1.0,0.0,0.0,0.0,0.0
lookahead,25,2,1.0,1.0,0.0,0.03862376624001623,,,0.0,1.0,0.0,0.0,0.0,0.0
lookahead,25,3,1.0,1.0,0.0,0.03820667333002345,,,0.0,1.0,0.0,0.0,0.0,0.0
lookahead,25,4,1.0,1.0,0.0,0.03810626166998185,,,0.0,1.0,0.0,0.0,0.0,0.0
lookahead,30,0,1.0,1.0,0.0,0.07785833916001135,,,0.0,1.0,0.0,0.0,0.0,0.0
lookahead,30,1,1.0,1.0,0.0,0.07818005625000293,,,0.0,1.0,0.0,0.0,0.0,0.0
lookahead,30,2,1.0,1.0,0.0,0.07790999834998721,,,0.0,1.0,0.0,0.0,0.0,0.0
lookahead,30,3,1.0,1.0,0.0,0.07818434126000282,,,0.0,1.0,0.0,0.0,0.0,0.0
lookahead,30,4,1.0,1.0,0.0,0.07667141166002688,,,0.0,1.0,0.0,0.0,0.0,0.0
lookahead,40,0,1.0,1.0,0.0,0.26436116541999577,,,0.0,1.0,0.0,0.0,0.0,0.0
lookahead,40,1,1.0,1.0,0.0,0.2618455603999973,,,0.0,1.0,0.0,0.0,0.0,0.0
lookahead,40,2,1.0,1.0,0.0,0.26147338875000053,,,0.0,1.0,0.0,0.0,0.0,0.0
lookahead,40,3,1.0,1.0,0.0,0.26074096666001423,,,0.0,1.0,0.0,0.0,0.0,0.0
lookahead,40,4,1.0,1.0,0.0,0.20662914791997533,,,0.0,1.0,0.0,0.0,0.0,0.0
mlp,6,0,0.9922222222222223,0.93,0.07,0.001135717920005772,5.571428571428571,,37990.0,0.93,0.07,0.0,0.0,0.07
mlp,6,1,0.9911111111111112,0.92,0.08,0.001221929989987932,5.25,,37990.0,0.92,0.08,0.0,0.0,0.08
mlp,6,2,0.99,0.92,0.09,0.002321652509990516,5.625,7.0,37990.0,0.92,0.07,0.01,0.0,0.08
mlp,6,3,0.9833333333333333,0.86,0.15,0.0011658408400034561,5.785714285714286,5.0,37990.0,0.86,0.13,0.01,0.01,0.13
mlp,6,4,0.9833333333333333,0.85,0.15,0.0016232816699993599,5.8,,37990.0,0.85,0.15,0.0,0.0,0.15
mlp,7,0,1.0,1.0,0.0,0.001816888759994924,,,37990.0,1.0,0.0,0.0,0.0,0.0
mlp,7,1,0.9933333333333333,0.96,0.08,0.00169790417000506,7.75,7.75,37990.0,0.96,0.0,0.04,0.04,0.0
mlp,7,2,0.9958333333333332,0.98,0.05,0.00248064082999912,5.5,5.5,37990.0,0.98,0.0,0.02,0.02,0.0
mlp,7,3,1.0,1.0,0.0,0.001713604579999752,,,37990.0,1.0,0.0,0.0,0.0,0.0
mlp,7,4,0.9966666666666667,0.98,0.04,0.001748507490001384,6.5,6.5,37990.0,0.98,0.0,0.02,0.02,0.0
mlp,8,0,0.98625,0.84,0.22,0.0026937304099919324,7.875,7.333333333333333,37990.0,0.84,0.13,0.03,0.03,0.13
mlp,8,1,0.985,0.84,0.24,0.0025433558500026036,7.25,8.25,37990.0,0.84,0.12,0.04,0.01,0.15
mlp,8,2,0.983125,0.81,0.27,0.002856594169997992,9.157894736842104,6.0,37990.0,0.81,0.16,0.03,0.03,0.16
mlp,8,3,0.97625,0.73,0.38,0.00264294417001104,8.777777777777779,6.4,37990.0,0.73,0.22,0.05,0.05,0.22
mlp,8,4,0.981875,0.75,0.29,0.0028134512500036517,8.28,6.0,37990.0,0.75,0.23,0.02,0.02,0.23
mlp,9,0,0.9895,0.93,0.21,0.00385565792000302,8.285714285714286,8.333333333333334,37990.0,0.93,0.01,0.06,0.06,0.01
mlp,9,1,0.9954999999999999,0.97,0.09,0.0037244095799996765,9.666666666666666,9.666666666666666,37990.0,0.97,0.0,0.03,0.03,0.0
mlp,9,2,0.996,0.97,0.08,0.0035745258199767122,11.333333333333334,10.0,37990.0,0.97,0.02,0.01,0.01,0.02
mlp,9,3,0.993,0.96,0.14,0.0036973179200049163,6.0,6.0,37990.0,0.96,0.0,0.04,0.04,0.0
mlp,9,4,0.9940000000000001,0.96,0.12,0.0038398570799926556,9.5,9.666666666666666,37990.0,0.96,0.01,0.03,0.02,0.02
mlp,10,0,0.9843999999999999,0.81,0.39,0.005566659579990264,10.105263157894736,9.166666666666666,37990.0,0.81,0.13,0.06,0.05,0.14
mlp,10,1,0.9828,0.71,0.43,0.005244445839998604,9.96551724137931,8.75,37990.0,0.71,0.25,0.04,0.02,0.27
mlp,10,2,0.9756,0.7,0.61,0.004763624179995504,12.066666666666666,8.555555555555555,37990.0,0.7,0.21,0.09,0.09,0.21
mlp,10,3,0.986,0.75,0.35,0.0053029424999931,12.44,6.0,37990.0,0.75,0.22,0.03,0.03,0.22
mlp,10,4,0.9767999999999999,0.67,0.58,0.005255487490012396,11.515151515151516,9.0,37990.0,0.67,0.26,0.07,0.05,0.28
mlp,11,0,0.9873333333333334,0.92,0.38,0.009104975840000331,9.0,9.0,37990.0,0.92,0.0,0.08,0.08,0.0
mlp,11,1,0.9856666666666666,0.88,0.43,0.00723702750000482,10.333333333333334,10.25,37990.0,0.88,0.04,0.08,0.08,0.04
mlp,11,2,0.982,0.85,0.54,0.007712817090014121,10.666666666666666,9.0,37990.0,0.85,0.06,0.09,0.09,0.06
mlp,11,3,0.99,0.92,0.3,0.008086061249987252,11.875,10.4,37990.0,0.92,0.03,0.05,0.05,0.03
mlp,11,4,0.9826666666666667,0.86,0.52,0.007069332919991148,10.071428571428571,8.333333333333334,37990.0,0.86,0.05,0.09,0.09,0.05
mlp,12,0,0.9761111111111112,0.68,0.86,0.010154584159999949,13.09375,11.2,37990.0,0.68,0.22,0.1,0.08,0.24
mlp,12,1,0.9708333333333333,0.58,1.05,0.009653457070016828,11.976190476190476,10.928571428571429,37990.0,0.58,0.28,0.14,0.11,0.31
mlp,12,2,0.9755555555555556,0.62,0.88,0.00905979206999284,14.578947368421053,10.818181818181818,37990.0,0.62,0.27,0.11,0.11,0.27
mlp,12,3,0.975,0.58,0.9,0.009738136229980196,15.214285714285714,9.2,37990.0,0.58,0.32,0.1,0.1,0.32
mlp,12,4,0.9794444444444445,0.53,0.74,0.009533174569987705,14.638297872340425,12.333333333333334,37990.0,0.53,0.41,0.06,0.06,0.41
mlp,13,0,0.980952380952381,0.82,0.8,0.013076553750006478,13.833333333333334,14.090909090909092,37990.0,0.82,0.07,0.11,0.08,0.1
mlp,13,1,0.9738095238095238,0.77,1.1,0.012445835440003012,13.869565217391305,13.6,37990.0,0.77,0.08,0.15,0.12,0.11
mlp,13,2,0.9714285714285714,0.79,1.2,0.020275282080001417,12.19047619047619,11.5,37990.0,0.79,0.03,0.18,0.18,0.03
mlp,13,3,0.975952380952381,0.81,1.01,0.012558697080003156,10.789473684210526,9.0,37990.0,0.81,0.03,0.16,0.16,0.03
mlp,13,4,0.9795238095238095,0.83,0.86,0.01271469248999887,13.058823529411764,11.181818181818182,37990.0,0.83,0.06,0.11,0.11,0.06
mlp,14,0,0.9646938775510204,0.53,1.73,0.018053759170006713,15.851063829787234,13.9,37990.0,0.53,0.27,0.2,0.19,0.28
mlp,14,1,0.9624489795918367,0.56,1.84,0.01615251749998599,14.295454545454545,14.217391304347826,37990.0,0.56,0.21,0.23,0.18,0.26
mlp,14,2,0.9630612244897959,0.52,1.81,0.023327668760002706,15.625,13.380952380952381,37990.0,0.52,0.27,0.21,0.19,0.29
mlp,14,3,0.9728571428571429,0.51,1.33,0.016245298320009104,17.897959183673468,10.428571428571429,37990.0,0.51,0.35,0.14,0.13,0.36
mlp,14,4,0.9755102040816327,0.52,1.2,0.01725912373998648,17.5,11.909090909090908,37990.0,0.52,0.37,0.11,0.07,0.41
mlp,15,0,0.9614285714285714,0.69,2.16,0.02341296291000611,12.67741935483871,12.7,37990.0,0.69,0.01,0.3,0.29,0.02
mlp,15,1,0.9658928571428572,0.72,1.91,0.020447942510008893,14.964285714285714,14.791666666666666,37990.0,0.72,0.04,0.24,0.23,0.05
mlp,15,2,0.96125,0.67,2.17,0.027847736680005234,14.0,12.384615384615385,37990.0,0.67,0.07,0.26,0.24,0.09
mlp,15,3,0.9639285714285714,0.7,2.02,0.020552592099993442,14.766666666666667,13.12,37990.0,0.7,0.05,0.25,0.25,0.05
mlp,15,4,0.9721428571428572,0.7,1.56,0.022163020420002753,17.5,16.42105263157895,37990.0,0.7,0.11,0.19,0.17,0.13
mlp,16,0,0.9509375,0.44,3.14,0.02727244540000353,17.607142857142858,16.3125,37990.0,0.44,0.24,0.32,0.25,0.31
mlp,16,1,0.95171875,0.46,3.09,0.026441932910001867,15.88888888888889,14.757575757575758,37990.0,0.46,0.21,0.33,0.29,0.25
mlp,16,2,0.96140625,0.41,2.47,0.03260412499999797,19.152542372881356,12.363636363636363,37990.0,0.41,0.37,0.22,0.22,0.37
mlp,16,3,0.964375,0.51,2.28,0.026909527499992637,18.53061224489796,12.818181818181818,37990.0,0.51,0.27,0.22,0.2,0.29
mlp,16,4,0.96890625,0.48,1.99,0.02711266290000815,20.442307692307693,13.0,37990.0,0.48,0.33,0.19,0.19,0.33
mlp,17,0,0.9656944444444444,0.69,2.47,0.03270808917001884,16.580645161290324,15.884615384615385,37990.0,0.69,0.05,0.26,0.24,0.07
mlp,17,1,0.9513888888888888,0.61,3.5,0.032628760850002395,15.435897435897436,15.147058823529411,37990.0,0.61,0.05,0.34,0.32,0.07
mlp,17,2,0.9536111111111112,0.62,3.34,0.034758101659999714,15.842105263157896,13.6875,37990.0,0.62,0.06,0.32,0.32,0.06
mlp,17,3,0.9625,0.69,2.7,0.03484899416001093,15.580645161290322,14.862068965517242,37990.0,0.69,0.02,0.29,0.29,0.02
mlp,17,4,0.95125,0.58,3.51,0.031520117489990236,16.69047619047619,16.485714285714284,37990.0,0.58,0.07,0.35,0.31,0.11
mlp,20,0,0.9398000000000001,0.29,6.02,0.056646005420006945,19.760563380281692,17.638297872340427,37990.0,0.29,0.24,0.47,0.44,0.27
mlp,20,1,0.9458,0.33,5.42,0.06091937666999908,19.582089552238806,17.70731707317073,37990.0,0.33,0.26,0.41,0.35,0.32
mlp,20,2,0.9473,0.31,5.27,0.06035375249001843,23.28985507246377,16.897435897435898,37990.0,0.31,0.3,0.39,0.35,0.34
mlp,20,3,0.9325,0.23,6.75,0.059581134179988976,22.350649350649352,18.058823529411764,37990.0,0.23,0.26,0.51,0.46,0.31
mlp,20,4,0.943,0.3,5.7,0.05869885459999745,23.7,18.25,37990.0,0.3,0.3,0.4,0.37,0.33
mlp,23,0,0.9270454545454545,0.33,9.63,0.0947419308400003,19.83582089552239,18.559322033898304,37990.0,0.33,0.08,0.59,0.57,0.1
mlp,23,1,0.9265151515151515,0.31,9.7,0.10030751250001226,21.71014492753623,20.983870967741936,37990.0,0.31,0.07,0.62,0.61,0.08
mlp,23,2,0.923030303030303,0.33,10.16,0.09626138999999051,19.71641791044776,17.155172413793103,37990.0,0.33,0.09,0.58,0.58,0.09
mlp,23,3,0.9235606060606061,0.35,10.09,0.09637178875999779,21.984615384615385,20.25423728813559,37990.0,0.35,0.06,0.59,0.59,0.06
mlp,23,4,0.9332575757575757,0.38,8.81,0.0949077412699989,21.096774193548388,20.472727272727273,37990.0,0.38,0.07,0.55,0.51,0.11
mlp,24,0,0.91875,0.2,11.7,0.10895521375001405,22.5875,19.15,37990.0,0.2,0.2,0.6,0.58,0.22
mlp,24,1,0.93,0.24,10.08,0.1291452416599986,23.276315789473685,21.363636363636363,37990.0,0.24,0.21,0.55,0.47,0.29
mlp,24,2,0.9281944444444444,0.25,10.34,0.11008272124999163,25.24,19.0,37990.0,0.25,0.28,0.47,0.46,0.29
mlp,24,3,0.9004166666666668,0.15,14.34,0.10869873208001078,24.729411764705883,21.194444444444443,37990.0,0.15,0.13,0.72,0.7,0.15
mlp,24,4,0.9240972222222222,0.16,10.93,0.10953833417000165,26.476190476190474,22.050847457627118,37990.0,0.16,0.25,0.59,0.51,0.33
random,6,0,0.8977777777777777,0.39,0.92,0.000209515840015152,5.409836065573771,6.225806451612903,0.0,0.39,0.3,0.31,0.2,0.41
random,6,1,0.9077777777777777,0.5,0.83,0.000233495409975096,5.46,6.166666666666667,0.0,0.5,0.2,0.3,0.19,0.31
random,6,2,0.8933333333333333,0.38,0.96,0.00019570624999681998,5.516129032258065,6.205882352941177,0.0,0.38,0.28,0.34,0.25,0.37
random,6,3,0.8877777777777777,0.37,1.01,0.000196136249996848,5.380952380952381,6.2631578947368425,0.0,0.37,0.25,0.38,0.22,0.41
random,6,4,0.8966666666666667,0.42,0.93,0.00020084249998028397,5.431034482758621,6.085714285714285,0.0,0.42,0.23,0.35,0.21,0.37
random,7,0,0.9216666666666667,0.59,0.94,0.00031283540998626404,7.2926829268292686,7.512820512820513,0.0,0.59,0.02,0.39,0.33,0.08
random,7,1,0.9008333333333333,0.47,1.19,0.00032343959997881995,7.0754716981132075,7.408163265306122,0.0,0.47,0.04,0.49,0.43,0.1
random,7,2,0.89,0.42,1.32,0.0003003179200095,7.137931034482759,7.326923076923077,0.0,0.42,0.06,0.52,0.45,0.13
random,7,3,0.8741666666666668,0.35,1.51,0.000354511229997976,7.123076923076923,7.387096774193548,0.0,0.35,0.03,0.62,0.55,0.1
random,7,4,0.9166666666666667,0.55,1.0,0.0003054591699947,7.155555555555556,7.238095238095238,0.0,0.55,0.03,0.42,0.4,0.05
random,8,0,0.84,0.13,2.56,0.00041660916998802796,7.816091954022989,8.549295774647888,0.0,0.13,0.16,0.71,0.47,0.4
random,8,1,0.863125,0.21,2.19,0.00038365792001054,7.582278481012659,8.733333333333333,0.0,0.21,0.19,0.6,0.32,0.47
random,8,2,0.859375,0.26,2.25,0.000422482509984484,7.5675675675675675,8.34920634920635,0.0,0.26,0.11,0.63,0.38,0.36
random,8,3,0.856875,0.19,2.29,0.000357970829973008,7.555555555555555,8.698412698412698,0.0,0.19,0.18,0.63,0.33,0.48
random,8,4,0.8725,0.2,2.04,0.00039913375998362803,7.575,8.236363636363636,0.0,0.2,0.25,0.55,0.36,0.44
random,9,0,0.8405,0.19,3.19,0.00056014124998904,9.493827160493828,9.683544303797468,0.0,0.19,0.02,0.79,0.75,0.06
random,9,1,0.8325,0.13,3.35,0.000490646679991128,9.701149425287356,9.813953488372093,0.0,0.13,0.01,0.86,0.8,0.07
random,9,2,0.8534999999999999,0.22,2.93,0.0005568812500132001,9.820512820512821,9.974025974025974,0.0,0.22,0.01,0.77,0.7,0.08
random,9,3,0.8375,0.18,3.25,0.000533814160025892,9.439024390243903,9.814814814814815,0.0,0.18,0.01,0.81,0.67,0.15
random,9,4,0.862,0.26,2.76,0.000566214579994192,9.445945945945946,9.971830985915492,0.0,0.26,0.03,0.71,0.6,0.14
random,10,0,0.8220000000000001,0.06,4.45,0.000802168760001192,9.904255319148936,10.857142857142858,0.0,0.06,0.1,0.84,0.56,0.38
random,10,1,0.8068,0.05,4.83,0.000696703329995152,9.56842105263158,10.659090909090908,0.0,0.05,0.07,0.88,0.54,0.41
random,10,2,0.8228,0.09,4.43,0.0007369675100016839,9.89010989010989,10.962962962962964,0.0,0.09,0.1,0.81,0.54,0.37
random,10,3,0.8096,0.09,4.76,0.000700053760010544,9.68131868131868,10.255813953488373,0.0,0.09,0.05,0.86,0.6,0.31
random,10,4,0.8136,0.06,4.66,0.000795165400013452,10.01063829787234,11.155555555555555,0.0,0.06,0.04,0.9,0.57,0.37
random,11,0,0.7963333333333334,0.04,6.11,0.000931747920003496,11.46875,11.893617021276595,0.0,0.04,0.02,0.94,0.78,0.18
random,11,1,0.785,0.03,6.45,0.00101883123998048,11.350515463917526,11.697916666666666,0.0,0.03,0.01,0.96,0.84,0.13
random,11,2,0.787,0.04,6.39,0.000924108729996016,11.125,11.421052631578947,0.0,0.04,0.01,0.95,0.83,0.13
random,11,3,0.79,0.03,6.3,0.0018446458399921078,11.402061855670103,11.618556701030927,0.0,0.03,0.0,0.97,0.88,0.09
random,11,4,0.7956666666666666,0.04,6.13,0.000945528339980176,11.40625,11.642105263157895,0.0,0.04,0.01,0.95,0.84,0.12
random,12,0,0.7691666666666667,0.0,8.31,0.0013328020799962719,11.43,12.295918367346939,0.0,0.0,0.02,0.98,0.74,0.26
random,12,1,0.7725,0.01,8.19,0.0012977945800047841,11.373737373737374,12.096774193548388,0.0,0.01,0.06,0.93,0.63,0.36
random,12,2,0.7627777777777777,0.02,8.54,0.001281707080015568,11.76530612244898,12.89795918367347,0.0,0.02,0.0,0.98,0.66,0.32
random,12,3,0.7766666666666667,0.04,8.04,0.001271577079987716,11.020833333333334,11.989247311827956,0.0,0.04,0.03,0.93,0.59,0.37
random,12,4,0.7761111111111112,0.01,8.06,0.001276238340014944,11.565656565656566,12.447916666666666,0.0,0.01,0.03,0.96,0.65,0.34
random,13,0,0.7676190476190476,0.03,9.76,0.001646209150003384,12.907216494845361,13.144329896907216,0.0,0.03,0.0,0.97,0.92,0.05
random,13,1,0.7623809523809524,0.02,9.98,0.00159934208999396,12.938775510204081,13.081632653061224,0.0,0.02,0.0,0.98,0.93,0.05
random,13,2,0.7578571428571429,0.01,10.17,0.002345481249994868,12.757575757575758,12.94949494949495,0.0,0.01,0.0,0.99,0.89,0.1
random,13,3,0.7688095238095238,0.02,9.71,0.001460399990028212,13.153061224489797,13.489795918367347,0.0,0.02,0.0,0.98,0.83,0.15
random,13,4,0.7747619047619048,0.02,9.46,0.0016362687499895002,13.10204081632653,13.683673469387756,0.0,0.02,0.0,0.98,0.84,0.14
random,14,0,0.7457142857142857,0.0,12.46,0.002919014159979212,13.37,13.908163265306122,0.0,0.0,0.02,0.98,0.82,0.18
random,14,1,0.7377551020408163,0.0,12.85,0.0020160841699907363,12.9,13.64,0.0,0.0,0.0,1.0,0.74,0.26
random,14,2,0.7612244897959184,0.01,11.7,0.002044206249993272,13.555555555555555,13.989247311827956,0.0,0.01,0.06,0.93,0.78,0.21
random,14,3,0.7357142857142857,0.0,12.95,0.002048547489994192,13.18,14.21,0.0,0.0,0.0,1.0,0.73,0.27
random,14,4,0.7379591836734695,0.0,12.84,0.001894525419975216,13.08,14.151515151515152,0.0,0.0,0.01,0.99,0.69,0.31
random,15,0,0.7255357142857143,0.0,15.37,0.002531260420000748,14.14,14.3,0.0,0.0,0.0,1.0,0.92,0.08
random,15,1,0.7394642857142857,0.01,14.59,0.003321921240003516,14.525252525252526,14.868686868686869,0.0,0.01,0.0,0.99,0.89,0.1
random,15,2,0.7310714285714286,0.0,15.06,0.0024627641599908796,14.41,14.56,0.0,0.0,0.0,1.0,0.95,0.05
random,15,3,0.7326785714285714,0.0,14.97,0.002526323740003064,14.76,15.24,0.0,0.0,0.0,1.0,0.78,0.22
random,15,4,0.7235714285714286,0.01,15.48,0.003271544160015736,13.969696969696969,14.272727272727273,0.0,0.01,0.0,0.99,0.85,0.14
random,16,0,0.725625,0.0,17.56,0.0032124758300050796,14.31,15.42,0.0,0.0,0.0,1.0,0.76,0.24
random,16,1,0.71734375,0.0,18.09,0.003146449989981176,14.92,15.7,0.0,0.0,0.0,1.0,0.77,0.23
random,16,2,0.7184375,0.0,18.02,0.003026822069987224,14.59,15.33,0.0,0.0,0.0,1.0,0.76,0.24
random,16,3,0.7090625,0.0,18.62,0.0031444004100011757,14.74,15.59,0.0,0.0,0.0,1.0,0.71,0.29
random,16,4,0.70765625,0.0,18.71,0.0038461174999974363,14.29,14.83,0.0,0.0,0.0,1.0,0.82,0.18
random,17,0,0.7047222222222222,0.0,21.26,0.003935152899994064,14.97,15.06,0.0,0.0,0.0,1.0,0.94,0.06
random,17,1,0.6936111111111112,0.0,22.06,0.003781312500013856,15.18,15.44,0.0,0.0,0.0,1.0,0.89,0.11
random,17,2,0.6929166666666667,0.0,22.11,0.003722991670001608,14.82,15.24,0.0,0.0,0.0,1.0,0.91,0.09
random,17,3,0.7125,0.0,20.7,0.003799966249989632,16.52,16.81,0.0,0.0,0.0,1.0,0.91,0.09
random,17,4,0.7055555555555556,0.0,21.2,0.0037129820799782242,15.82,16.12,0.0,0.0,0.0,1.0,0.88,0.12
random,20,0,0.6709999999999999,0.0,32.9,0.006767072919992584,17.03,17.67,0.0,0.0,0.0,1.0,0.83,0.17
random,20,1,0.6738,0.0,32.62,0.007501528339980645,17.17,17.62,0.0,0.0,0.0,1.0,0.81,0.19
random,20,2,0.6689,0.0,33.11,0.006562880000001253,17.06,17.44,0.0,0.0,0.0,1.0,0.88,0.12
random,20,3,0.6679,0.0,33.21,0.006551652919988516,17.5,17.98,0.0,0.0,0.0,1.0,0.82,0.18
random,20,4,0.6732,0.0,32.68,0.006663831669975444,17.26,17.77,0.0,0.0,0.0,1.0,0.82,0.18
random,23,0,0.6393939393939394,0.0,47.6,0.01179423000001402,19.44,19.69,0.0,0.0,0.0,1.0,0.93,0.07
random,23,1,0.643030303030303,0.0,47.12,0.010755606679995195,20.1,20.27,0.0,0.0,0.0,1.0,0.94,0.06
random,23,2,0.6377272727272727,0.0,47.82,0.010706665829966305,19.63,19.7,0.0,0.0,0.0,1.0,0.98,0.02
random,23,3,0.6422727272727273,0.0,47.22,0.01169217083999678,19.19,19.3,0.0,0.0,0.0,1.0,0.94,0.06
random,23,4,0.6445454545454545,0.0,46.92,0.010719873329999203,20.22,20.38,0.0,0.0,0.0,1.0,0.95,0.05
random,24,0,0.6233333333333334,0.0,54.24,0.01304071790998928,19.85,20.05,0.0,0.0,0.0,1.0,0.92,0.08
random,24,1,0.6297222222222222,0.0,53.32,0.012460074990030942,20.22,20.39,0.0,0.0,0.0,1.0,0.94,0.06
random,24,2,0.6302083333333334,0.0,53.25,0.012300621250014911,19.74,19.97,0.0,0.0,0.0,1.0,0.91,0.09
random,24,3,0.6284722222222222,0.0,53.5,0.012310037489987683,19.77,20.27,0.0,0.0,0.0,1.0,0.87,0.13
random,24,4,0.62375,0.0,54.18,0.012042795829984179,19.49,19.85,0.0,0.0,0.0,1.0,0.9,0.1
random,25,0,0.6249358974358974,0.0,58.51,0.014351666680013236,20.62,20.74,0.0,0.0,0.0,1.0,0.94,0.06
random,25,1,0.6267948717948718,0.0,58.22,0.01424754834000846,21.73,22.04,0.0,0.0,0.0,1.0,0.92,0.08
random,25,2,0.6192948717948719,0.0,59.39,0.013790797499987035,20.28,20.35,0.0,0.0,0.0,1.0,0.98,0.02
random,25,3,0.6183974358974359,0.0,59.53,0.013949477490004915,20.55,20.65,0.0,0.0,0.0,1.0,0.96,0.04
random,25,4,0.6213461538461539,0.0,59.07,0.013846987500019104,20.79,20.82,0.0,0.0,0.0,1.0,0.98,0.02
random,30,0,0.5823555555555555,0.0,93.97,0.026877967089967543,23.61,23.68,0.0,0.0,0.0,1.0,0.98,0.02
random,30,1,0.5871555555555555,0.0,92.89,0.027200289169995763,24.34,24.51,0.0,0.0,0.0,1.0,0.94,0.06
random,30,2,0.5814222222222223,0.0,94.18,0.027243509999989254,24.12,24.2,0.0,0.0,0.0,1.0,0.97,0.03
random,30,3,0.5826666666666667,0.0,93.9,0.026332120839979295,24.46,24.75,0.0,0.0,0.0,1.0,0.93,0.07
random,30,4,0.5848444444444444,0.0,93.41,0.02714147874001352,24.05,24.18,0.0,0.0,0.0,1.0,0.96,0.04
random,40,0,0.5257999999999999,0.0,189.68,0.07613163334001,29.01,29.12,0.0,0.0,0.0,1.0,0.97,0.03
random,40,1,0.5272,0.0,189.12,0.07748761459999509,30.08,30.2,0.0,0.0,0.0,1.0,0.97,0.03
random,40,2,0.529825,0.0,188.07,0.07860147167997633,29.15,29.21,0.0,0.0,0.0,1.0,0.98,0.02
random,40,3,0.528275,0.0,188.69,0.07651683874997611,29.0,29.01,0.0,0.0,0.0,1.0,0.99,0.01
random,40,4,0.529025,0.0,188.39,0.0775443279200044,29.74,29.79,0.0,0.0,0.0,1.0,0.98,0.02
turan_oracle,6,0,1.0,1.0,0.0,2.1929300055489876e-06,,,0.0,1.0,0.0,0.0,0.0,0.0
turan_oracle,6,1,1.0,1.0,0.0,2.064989967038855e-06,,,0.0,1.0,0.0,0.0,0.0,0.0
turan_oracle,6,2,1.0,1.0,0.0,2.289160020154668e-06,,,0.0,1.0,0.0,0.0,0.0,0.0
turan_oracle,6,3,1.0,1.0,0.0,2.515420019335579e-06,,,0.0,1.0,0.0,0.0,0.0,0.0
turan_oracle,6,4,1.0,1.0,0.0,2.6487500144867226e-06,,,0.0,1.0,0.0,0.0,0.0,0.0
turan_oracle,7,0,1.0,1.0,0.0,2.2395900123228783e-06,,,0.0,1.0,0.0,0.0,0.0,0.0
turan_oracle,7,1,1.0,1.0,0.0,2.3721000252407976e-06,,,0.0,1.0,0.0,0.0,0.0,0.0
turan_oracle,7,2,1.0,1.0,0.0,2.5149900102405807e-06,,,0.0,1.0,0.0,0.0,0.0,0.0
turan_oracle,7,3,1.0,1.0,0.0,2.439160016365349e-06,,,0.0,1.0,0.0,0.0,0.0,0.0
turan_oracle,7,4,1.0,1.0,0.0,2.2458300190919546e-06,,,0.0,1.0,0.0,0.0,0.0,0.0
turan_oracle,8,0,1.0,1.0,0.0,2.4362600015592763e-06,,,0.0,1.0,0.0,0.0,0.0,0.0
turan_oracle,8,1,1.0,1.0,0.0,2.082090013573179e-06,,,0.0,1.0,0.0,0.0,0.0,0.0
turan_oracle,8,2,1.0,1.0,0.0,3.310409992991481e-06,,,0.0,1.0,0.0,0.0,0.0,0.0
turan_oracle,8,3,1.0,1.0,0.0,2.186660003644647e-06,,,0.0,1.0,0.0,0.0,0.0,0.0
turan_oracle,8,4,1.0,1.0,0.0,2.223329993285006e-06,,,0.0,1.0,0.0,0.0,0.0,0.0
turan_oracle,9,0,1.0,1.0,0.0,2.3483299810322934e-06,,,0.0,1.0,0.0,0.0,0.0,0.0
turan_oracle,9,1,1.0,1.0,0.0,2.815429998008767e-06,,,0.0,1.0,0.0,0.0,0.0,0.0
turan_oracle,9,2,1.0,1.0,0.0,2.4337600007129367e-06,,,0.0,1.0,0.0,0.0,0.0,0.0
turan_oracle,9,3,1.0,1.0,0.0,2.7616700026555916e-06,,,0.0,1.0,0.0,0.0,0.0,0.0
turan_oracle,9,4,1.0,1.0,0.0,2.5316800201835577e-06,,,0.0,1.0,0.0,0.0,0.0,0.0
turan_oracle,10,0,1.0,1.0,0.0,2.5083400032599457e-06,,,0.0,1.0,0.0,0.0,0.0,0.0
turan_oracle,10,1,1.0,1.0,0.0,2.6099899878317955e-06,,,0.0,1.0,0.0,0.0,0.0,0.0
turan_oracle,10,2,1.0,1.0,0.0,2.7420699916547163e-06,,,0.0,1.0,0.0,0.0,0.0,0.0
turan_oracle,10,3,1.0,1.0,0.0,2.337080004508607e-06,,,0.0,1.0,0.0,0.0,0.0,0.0
turan_oracle,10,4,1.0,1.0,0.0,2.928340018115705e-06,,,0.0,1.0,0.0,0.0,0.0,0.0
turan_oracle,11,0,1.0,1.0,0.0,2.9433200143103023e-06,,,0.0,1.0,0.0,0.0,0.0,0.0
turan_oracle,11,1,1.0,1.0,0.0,2.700420009205118e-06,,,0.0,1.0,0.0,0.0,0.0,0.0
turan_oracle,11,2,1.0,1.0,0.0,3.1683299675933087e-06,,,0.0,1.0,0.0,0.0,0.0,0.0
turan_oracle,11,3,1.0,1.0,0.0,2.9495700073312037e-06,,,0.0,1.0,0.0,0.0,0.0,0.0
turan_oracle,11,4,1.0,1.0,0.0,2.6562499988358466e-06,,,0.0,1.0,0.0,0.0,0.0,0.0
turan_oracle,12,0,1.0,1.0,0.0,2.9112500124028886e-06,,,0.0,1.0,0.0,0.0,0.0,0.0
turan_oracle,12,1,1.0,1.0,0.0,2.895839988923399e-06,,,0.0,1.0,0.0,0.0,0.0,0.0
turan_oracle,12,2,1.0,1.0,0.0,2.6837600125872994e-06,,,0.0,1.0,0.0,0.0,0.0,0.0
turan_oracle,12,3,1.0,1.0,0.0,3.4720699841273016e-06,,,0.0,1.0,0.0,0.0,0.0,0.0
turan_oracle,12,4,1.0,1.0,0.0,2.797919987642672e-06,,,0.0,1.0,0.0,0.0,0.0,0.0
turan_oracle,13,0,1.0,1.0,0.0,3.2854200071597006e-06,,,0.0,1.0,0.0,0.0,0.0,0.0
turan_oracle,13,1,1.0,1.0,0.0,3.134580001642462e-06,,,0.0,1.0,0.0,0.0,0.0,0.0
turan_oracle,13,2,1.0,1.0,0.0,3.2404200101154856e-06,,,0.0,1.0,0.0,0.0,0.0,0.0
turan_oracle,13,3,1.0,1.0,0.0,3.2791599915071857e-06,,,0.0,1.0,0.0,0.0,0.0,0.0
turan_oracle,13,4,1.0,1.0,0.0,2.9395799720077774e-06,,,0.0,1.0,0.0,0.0,0.0,0.0
turan_oracle,14,0,1.0,1.0,0.0,3.3316599910904187e-06,,,0.0,1.0,0.0,0.0,0.0,0.0
turan_oracle,14,1,1.0,1.0,0.0,3.529169989633374e-06,,,0.0,1.0,0.0,0.0,0.0,0.0
turan_oracle,14,2,1.0,1.0,0.0,3.1758299883222207e-06,,,0.0,1.0,0.0,0.0,0.0,0.0
turan_oracle,14,3,1.0,1.0,0.0,3.558340013114503e-06,,,0.0,1.0,0.0,0.0,0.0,0.0
turan_oracle,14,4,1.0,1.0,0.0,3.573760004655924e-06,,,0.0,1.0,0.0,0.0,0.0,0.0
turan_oracle,15,0,1.0,1.0,0.0,3.413749982428271e-06,,,0.0,1.0,0.0,0.0,0.0,0.0
turan_oracle,15,1,1.0,1.0,0.0,4.109999990760116e-06,,,0.0,1.0,0.0,0.0,0.0,0.0
turan_oracle,15,2,1.0,1.0,0.0,3.5875100002158433e-06,,,0.0,1.0,0.0,0.0,0.0,0.0
turan_oracle,15,3,1.0,1.0,0.0,3.5041600131080487e-06,,,0.0,1.0,0.0,0.0,0.0,0.0
turan_oracle,15,4,1.0,1.0,0.0,3.2462499984831085e-06,,,0.0,1.0,0.0,0.0,0.0,0.0
turan_oracle,16,0,1.0,1.0,0.0,3.4204199982923456e-06,,,0.0,1.0,0.0,0.0,0.0,0.0
turan_oracle,16,1,1.0,1.0,0.0,3.6016800004290417e-06,,,0.0,1.0,0.0,0.0,0.0,0.0
turan_oracle,16,2,1.0,1.0,0.0,3.573319991119206e-06,,,0.0,1.0,0.0,0.0,0.0,0.0
turan_oracle,16,3,1.0,1.0,0.0,3.585400008887518e-06,,,0.0,1.0,0.0,0.0,0.0,0.0
turan_oracle,16,4,1.0,1.0,0.0,3.8004200177965686e-06,,,0.0,1.0,0.0,0.0,0.0,0.0
turan_oracle,17,0,1.0,1.0,0.0,3.670430032798322e-06,,,0.0,1.0,0.0,0.0,0.0,0.0
turan_oracle,17,1,1.0,1.0,0.0,3.290430013294099e-06,,,0.0,1.0,0.0,0.0,0.0,0.0
turan_oracle,17,2,1.0,1.0,0.0,3.559579981811112e-06,,,0.0,1.0,0.0,0.0,0.0,0.0
turan_oracle,17,3,1.0,1.0,0.0,3.373339986865176e-06,,,0.0,1.0,0.0,0.0,0.0,0.0
turan_oracle,17,4,1.0,1.0,0.0,3.9041700074449184e-06,,,0.0,1.0,0.0,0.0,0.0,0.0
turan_oracle,20,0,1.0,1.0,0.0,4.531250015133992e-06,,,0.0,1.0,0.0,0.0,0.0,0.0
turan_oracle,20,1,1.0,1.0,0.0,4.437080006027827e-06,,,0.0,1.0,0.0,0.0,0.0,0.0
turan_oracle,20,2,1.0,1.0,0.0,4.153339978074655e-06,,,0.0,1.0,0.0,0.0,0.0,0.0
turan_oracle,20,3,1.0,1.0,0.0,3.760000017791754e-06,,,0.0,1.0,0.0,0.0,0.0,0.0
turan_oracle,20,4,1.0,1.0,0.0,4.120829962630523e-06,,,0.0,1.0,0.0,0.0,0.0,0.0
turan_oracle,23,0,1.0,1.0,0.0,4.71875000584987e-06,,,0.0,1.0,0.0,0.0,0.0,0.0
turan_oracle,23,1,1.0,1.0,0.0,4.923340038658353e-06,,,0.0,1.0,0.0,0.0,0.0,0.0
turan_oracle,23,2,1.0,1.0,0.0,5.195420017116703e-06,,,0.0,1.0,0.0,0.0,0.0,0.0
turan_oracle,23,3,1.0,1.0,0.0,5.12790998982382e-06,,,0.0,1.0,0.0,0.0,0.0,0.0
turan_oracle,23,4,1.0,1.0,0.0,4.621659991244087e-06,,,0.0,1.0,0.0,0.0,0.0,0.0
turan_oracle,24,0,1.0,1.0,0.0,5.91207997786114e-06,,,0.0,1.0,0.0,0.0,0.0,0.0
turan_oracle,24,1,1.0,1.0,0.0,5.570829980570124e-06,,,0.0,1.0,0.0,0.0,0.0,0.0
turan_oracle,24,2,1.0,1.0,0.0,5.773339998995652e-06,,,0.0,1.0,0.0,0.0,0.0,0.0
turan_oracle,24,3,1.0,1.0,0.0,5.312079993018415e-06,,,0.0,1.0,0.0,0.0,0.0,0.0
turan_oracle,24,4,1.0,1.0,0.0,4.814150015590712e-06,,,0.0,1.0,0.0,0.0,0.0,0.0
turan_oracle,25,0,1.0,1.0,0.0,5.280009991111001e-06,,,0.0,1.0,0.0,0.0,0.0,0.0
turan_oracle,25,1,1.0,1.0,0.0,5.173750014364486e-06,,,0.0,1.0,0.0,0.0,0.0,0.0
turan_oracle,25,2,1.0,1.0,0.0,5.692909999197582e-06,,,0.0,1.0,0.0,0.0,0.0,0.0
turan_oracle,25,3,1.0,1.0,0.0,5.657499987137271e-06,,,0.0,1.0,0.0,0.0,0.0,0.0
turan_oracle,25,4,1.0,1.0,0.0,5.764169982285239e-06,,,0.0,1.0,0.0,0.0,0.0,0.0
turan_oracle,30,0,1.0,1.0,0.0,7.04333000612678e-06,,,0.0,1.0,0.0,0.0,0.0,0.0
turan_oracle,30,1,1.0,1.0,0.0,6.709990011586342e-06,,,0.0,1.0,0.0,0.0,0.0,0.0
turan_oracle,30,2,1.0,1.0,0.0,6.618330007768236e-06,,,0.0,1.0,0.0,0.0,0.0,0.0
turan_oracle,30,3,1.0,1.0,0.0,6.9795899980817925e-06,,,0.0,1.0,0.0,0.0,0.0,0.0
turan_oracle,30,4,1.0,1.0,0.0,6.921680014784215e-06,,,0.0,1.0,0.0,0.0,0.0,0.0
turan_oracle,40,0,1.0,1.0,0.0,9.71166999079287e-06,,,0.0,1.0,0.0,0.0,0.0,0.0
turan_oracle,40,1,1.0,1.0,0.0,1.252541000212659e-05,,,0.0,1.0,0.0,0.0,0.0,0.0
turan_oracle,40,2,1.0,1.0,0.0,1.4276240017352393e-05,,,0.0,1.0,0.0,0.0,0.0,0.0
turan_oracle,40,3,1.0,1.0,0.0,1.0834579970833147e-05,,,0.0,1.0,0.0,0.0,0.0,0.0
turan_oracle,40,4,1.0,1.0,0.0,8.752920020924648e-06,,,0.0,1.0,0.0,0.0,0.0,0.0
untrained_gnn,6,0,0.9277777777777777,0.56,0.65,0.001221806250032336,5.159090909090909,6.142857142857143,38337.0,0.56,0.23,0.21,0.12,0.32
untrained_gnn,6,1,0.9077777777777777,0.46,0.83,0.001418907090010124,5.537037037037037,6.206896551724138,38337.0,0.46,0.25,0.29,0.21,0.33
untrained_gnn,6,2,0.8888888888888888,0.38,1.0,0.001521548339987884,5.467741935483871,6.078947368421052,38337.0,0.38,0.24,0.38,0.23,0.39
untrained_gnn,6,3,0.9044444444444444,0.44,0.86,0.001227611240010364,5.410714285714286,6.2,38337.0,0.44,0.26,0.3,0.17,0.39
untrained_gnn,6,4,0.9155555555555556,0.52,0.76,0.001232460839983088,5.458333333333333,6.142857142857143,38337.0,0.52,0.2,0.28,0.21,0.27
untrained_gnn,7,0,0.8908333333333333,0.45,1.31,0.0017252137600007001,7.109090909090909,7.254545454545455,38337.0,0.45,0.0,0.55,0.51,0.04
untrained_gnn,7,1,0.9025,0.5,1.17,0.002051912920014668,7.06,7.3125,38337.0,0.5,0.02,0.48,0.4,0.1
untrained_gnn,7,2,0.8908333333333333,0.44,1.31,0.002004362919997156,7.178571428571429,7.588235294117647,38337.0,0.44,0.05,0.51,0.41,0.15
untrained_gnn,7,3,0.9108333333333333,0.53,1.07,0.0018419416600045041,7.0638297872340425,7.333333333333333,38337.0,0.53,0.05,0.42,0.38,0.09
untrained_gnn,7,4,0.9133333333333333,0.54,1.04,0.001906752930008184,7.195652173913044,7.444444444444445,38337.0,0.54,0.01,0.45,0.4,0.06
untrained_gnn,8,0,0.8475,0.13,2.44,0.002555684999988388,7.850574712643678,8.597014925373134,38337.0,0.13,0.2,0.67,0.44,0.43
untrained_gnn,8,1,0.854375,0.21,2.33,0.0029038537400082835,7.7594936708860756,8.5,38337.0,0.21,0.13,0.66,0.44,0.35
untrained_gnn,8,2,0.846875,0.15,2.45,0.003264474159986956,7.694117647058824,8.4,38337.0,0.15,0.15,0.7,0.47,0.38
untrained_gnn,8,3,0.86,0.22,2.24,0.002581383330016228,7.846153846153846,8.836065573770492,38337.0,0.22,0.17,0.61,0.35,0.43
untrained_gnn,8,4,0.885,0.31,1.84,0.002665576250019452,7.579710144927536,8.39622641509434,38337.0,0.31,0.16,0.53,0.36,0.33
untrained_gnn,9,0,0.8395,0.16,3.21,0.00348436708000006,9.44047619047619,9.506172839506172,38337.0,0.16,0.03,0.81,0.74,0.1
untrained_gnn,9,1,0.83,0.15,3.4,0.004955428760003944,9.305882352941177,9.8125,38337.0,0.15,0.05,0.8,0.66,0.19
untrained_gnn,9,2,0.8490000000000001,0.19,3.02,0.004643113330002888,9.45679012345679,9.773333333333333,38337.0,0.19,0.06,0.75,0.66,0.15
untrained_gnn,9,3,0.8445,0.18,3.11,0.0037091241500274118,9.439024390243903,9.727272727272727,38337.0,0.18,0.05,0.77,0.67,0.15
untrained_gnn,9,4,0.8420000000000001,0.19,3.16,0.0037600066699996796,9.382716049382717,9.64935064935065,38337.0,0.19,0.04,0.77,0.72,0.09
untrained_gnn,10,0,0.8076000000000001,0.08,4.81,0.004868044580016384,9.793478260869565,10.944444444444445,38337.0,0.08,0.02,0.9,0.57,0.35
untrained_gnn,10,1,0.8244,0.12,4.39,0.0051427087699994,9.227272727272727,10.716049382716049,38337.0,0.12,0.07,0.81,0.47,0.41
untrained_gnn,10,2,0.8140000000000001,0.08,4.65,0.006127867510003821,9.434782608695652,10.235294117647058,38337.0,0.08,0.07,0.85,0.56,0.36
untrained_gnn,10,3,0.8104,0.06,4.74,0.004910132100012532,9.936170212765957,11.195402298850574,38337.0,0.06,0.07,0.87,0.51,0.43
untrained_gnn,10,4,0.8084,0.04,4.79,0.005085732080005944,9.572916666666666,10.55056179775281,38337.0,0.04,0.07,0.89,0.55,0.41
untrained_gnn,11,0,0.7823333333333333,0.05,6.53,0.00617581791000696,10.789473684210526,11.202127659574469,38337.0,0.05,0.01,0.94,0.78,0.17
untrained_gnn,11,1,0.804,0.08,5.88,0.006920176660005328,11.119565217391305,11.666666666666666,38337.0,0.08,0.02,0.9,0.75,0.17
untrained_gnn,11,2,0.7916666666666667,0.04,6.25,0.009244289580019476,11.177083333333334,11.677083333333334,38337.0,0.04,0.0,0.96,0.79,0.17
untrained_gnn,11,3,0.7986666666666667,0.05,6.04,0.006553761250015624,11.23157894736842,11.680851063829786,38337.0,0.05,0.01,0.94,0.8,0.15
untrained_gnn,11,4,0.805,0.07,5.85,0.006726576669971056,11.311827956989248,11.806451612903226,38337.0,0.07,0.0,0.93,0.78,0.15
untrained_gnn,12,0,0.7694444444444444,0.03,8.3,0.007985597930000915,11.77319587628866,12.833333333333334,38337.0,0.03,0.01,0.96,0.59,0.38
untrained_gnn,12,1,0.7697222222222223,0.01,8.29,0.008618585840013043,11.16161616161616,11.885416666666666,38337.0,0.01,0.03,0.96,0.72,0.27
untrained_gnn,12,2,0.79,0.01,7.56,0.010171254170018008,11.93939393939394,12.926315789473684,38337.0,0.01,0.04,0.95,0.67,0.32
untrained_gnn,12,3,0.7811111111111111,0.03,7.88,0.008417932920001417,11.876288659793815,12.587628865979381,38337.0,0.03,0.0,0.97,0.74,0.23
untrained_gnn,12,4,0.7647222222222223,0.02,8.47,0.008525171259971064,11.612244897959183,12.224489795918368,38337.0,0.02,0.0,0.98,0.71,0.27
untrained_gnn,13,0,0.7659523809523808,0.03,9.83,0.01122577416999769,13.103092783505154,13.350515463917526,38337.0,0.03,0.0,0.97,0.85,0.12
untrained_gnn,13,1,0.7642857142857143,0.01,9.9,0.012051202090024112,12.88888888888889,13.103092783505154,38337.0,0.01,0.02,0.97,0.86,0.13
untrained_gnn,13,2,0.759047619047619,0.02,10.12,0.011998478340010449,12.785714285714286,13.081632653061224,38337.0,0.02,0.0,0.98,0.91,0.07
untrained_gnn,13,3,0.7728571428571429,0.02,9.54,0.010912100419973208,13.275510204081632,13.391752577319588,38337.0,0.02,0.01,0.97,0.91,0.07
untrained_gnn,13,4,0.7638095238095238,0.03,9.92,0.010717011659999096,13.103092783505154,13.463917525773196,38337.0,0.03,0.0,0.97,0.84,0.13
untrained_gnn,14,0,0.7504081632653061,0.0,12.23,0.013174050839988889,13.12,14.353535353535353,38337.0,0.0,0.01,0.99,0.66,0.34
untrained_gnn,14,1,0.7426530612244897,0.0,12.61,0.013125159590017517,13.06,13.53061224489796,38337.0,0.0,0.02,0.98,0.83,0.17
untrained_gnn,14,2,0.7371428571428571,0.0,12.88,0.013310794169992687,13.93,14.84,38337.0,0.0,0.0,1.0,0.73,0.27
untrained_gnn,14,3,0.7467346938775511,0.01,12.41,0.013560672090006805,13.343434343434344,13.857142857142858,38337.0,0.01,0.01,0.98,0.79,0.2
untrained_gnn,14,4,0.7506122448979592,0.0,12.22,0.014822304590015793,13.56,14.61,38337.0,0.0,0.0,1.0,0.74,0.26
untrained_gnn,15,0,0.7367857142857143,0.0,14.74,0.0162026137499742,14.5,14.9,38337.0,0.0,0.0,1.0,0.84,0.16
untrained_gnn,15,1,0.7285714285714286,0.0,15.2,0.015981286259993753,14.03,14.37,38337.0,0.0,0.0,1.0,0.89,0.11
untrained_gnn,15,2,0.7319642857142857,0.0,15.01,0.01658762624001607,14.42,14.88,38337.0,0.0,0.0,1.0,0.89,0.11
untrained_gnn,15,3,0.734642857142857,0.0,14.86,0.016351813750006803,14.63,14.97,38337.0,0.0,0.0,1.0,0.9,0.1
untrained_gnn,15,4,0.7360714285714286,0.01,14.78,0.01685412667000489,14.95959595959596,15.255102040816327,38337.0,0.01,0.01,0.98,0.88,0.11
untrained_gnn,16,0,0.71296875,0.0,18.37,0.019610084579999198,14.64,15.09,38337.0,0.0,0.0,1.0,0.85,0.15
untrained_gnn,16,1,0.715,0.0,18.24,0.019752674599985736,14.45,14.99,38337.0,0.0,0.0,1.0,0.82,0.18
untrained_gnn,16,2,0.71171875,0.0,18.45,0.020584624180009947,14.54,15.29,38337.0,0.0,0.0,1.0,0.78,0.22
untrained_gnn,16,3,0.7028125,0.0,19.02,0.020150090420011063,14.62,15.2,38337.0,0.0,0.0,1.0,0.78,0.22
untrained_gnn,16,4,0.71078125,0.0,18.51,0.019315179589975712,15.24,15.64,38337.0,0.0,0.0,1.0,0.85,0.15
untrained_gnn,17,0,0.7061111111111111,0.0,21.16,0.02388252541000833,15.59,15.85,38337.0,0.0,0.0,1.0,0.9,0.1
untrained_gnn,17,1,0.69375,0.0,22.05,0.02381289998998903,15.86,16.02,38337.0,0.0,0.0,1.0,0.95,0.05
untrained_gnn,17,2,0.7013888888888888,0.0,21.5,0.02421456957999903,15.73,16.17,38337.0,0.0,0.0,1.0,0.87,0.13
untrained_gnn,17,3,0.7047222222222222,0.0,21.26,0.024355740010014375,15.83,15.99,38337.0,0.0,0.0,1.0,0.94,0.06
untrained_gnn,17,4,0.7001388888888889,0.0,21.59,0.02479191542000986,15.73,15.81,38337.0,0.0,0.0,1.0,0.95,0.05
untrained_gnn,20,0,0.6651,0.0,33.49,0.04166217208998203,17.73,18.29,38337.0,0.0,0.0,1.0,0.84,0.16
untrained_gnn,20,1,0.6694,0.0,33.06,0.053646474169981896,17.17,17.58,38337.0,0.0,0.0,1.0,0.85,0.15
untrained_gnn,20,2,0.6687000000000001,0.0,33.13,0.04241185667000529,17.3,17.68,38337.0,0.0,0.0,1.0,0.86,0.14
untrained_gnn,20,3,0.6729,0.0,32.71,0.041694341670008656,17.61,17.95,38337.0,0.0,0.0,1.0,0.88,0.12
untrained_gnn,20,4,0.6689,0.0,33.11,0.04152823498998251,17.21,17.48,38337.0,0.0,0.0,1.0,0.92,0.08
untrained_gnn,23,0,0.6333333333333333,0.0,48.4,0.06268928082001357,20.58,20.7,38337.0,0.0,0.0,1.0,0.96,0.04
untrained_gnn,23,1,0.6407575757575757,0.0,47.42,0.09617469417000389,19.4,19.6,38337.0,0.0,0.0,1.0,0.96,0.04
untrained_gnn,23,2,0.6390151515151515,0.0,47.65,0.06561580374000182,19.84,20.05,38337.0,0.0,0.0,1.0,0.96,0.04
untrained_gnn,23,3,0.6408333333333333,0.0,47.41,0.06719595500002465,19.93,20.1,38337.0,0.0,0.0,1.0,0.92,0.08
untrained_gnn,23,4,0.6383333333333333,0.0,47.74,0.07146127165999128,20.21,20.39,38337.0,0.0,0.0,1.0,0.94,0.06
untrained_gnn,24,0,0.6306944444444444,0.0,53.18,0.07390719957998945,20.18,20.54,38337.0,0.0,0.0,1.0,0.86,0.14
untrained_gnn,24,1,0.6290972222222222,0.0,53.41,0.11079588457996575,20.06,20.16,38337.0,0.0,0.0,1.0,0.94,0.06
untrained_gnn,24,2,0.6258333333333334,0.0,53.88,0.07430216540999023,19.49,19.76,38337.0,0.0,0.0,1.0,0.9,0.1
untrained_gnn,24,3,0.6275694444444444,0.0,53.63,0.07552464958000195,19.89,20.2,38337.0,0.0,0.0,1.0,0.91,0.09
untrained_gnn,24,4,0.6338888888888888,0.0,52.72,0.08168686499002425,19.67,20.1,38337.0,0.0,0.0,1.0,0.88,0.12
untrained_gnn,25,0,0.6264102564102564,0.0,58.28,0.09112864166001597,21.15,21.24,38337.0,0.0,0.0,1.0,0.97,0.03
untrained_gnn,25,1,0.6225,0.0,58.89,0.11310331123999275,20.41,20.44,38337.0,0.0,0.0,1.0,0.98,0.02
untrained_gnn,25,2,0.6202564102564103,0.0,59.24,0.08464900332997781,20.92,21.0,38337.0,0.0,0.0,1.0,0.96,0.04
untrained_gnn,25,3,0.6271794871794871,0.0,58.16,0.08694800791001392,20.66,20.71,38337.0,0.0,0.0,1.0,0.96,0.04
untrained_gnn,25,4,0.624102564102564,0.0,58.64,0.09136790124999603,21.23,21.32,38337.0,0.0,0.0,1.0,0.95,0.05
untrained_gnn,30,0,0.5877777777777777,0.0,92.75,0.17641501456999314,23.45,23.65,38337.0,0.0,0.0,1.0,0.94,0.06
untrained_gnn,30,1,0.5829777777777777,0.0,93.83,0.18863106874998262,24.41,24.55,38337.0,0.0,0.0,1.0,0.93,0.07
untrained_gnn,30,2,0.5827111111111111,0.0,93.89,0.15459312457998745,23.39,23.49,38337.0,0.0,0.0,1.0,0.96,0.04
untrained_gnn,30,3,0.5808888888888889,0.0,94.3,0.15531637708001653,23.97,24.01,38337.0,0.0,0.0,1.0,0.98,0.02
untrained_gnn,30,4,0.5863555555555555,0.0,93.07,0.15550835875001207,23.98,24.09,38337.0,0.0,0.0,1.0,0.95,0.05
untrained_gnn,40,0,0.524725,0.0,190.11,0.49683563666001646,30.01,30.01,38337.0,0.0,0.0,1.0,1.0,0.0
untrained_gnn,40,1,0.527,0.0,189.2,0.438595959589984,29.23,29.26,38337.0,0.0,0.0,1.0,0.99,0.01
untrained_gnn,40,2,0.530075,0.0,187.97,0.4138295758200002,29.49,29.49,38337.0,0.0,0.0,1.0,1.0,0.0
untrained_gnn,40,3,0.526375,0.0,189.45,0.4127680079099991,30.59,30.59,38337.0,0.0,0.0,1.0,1.0,0.0
untrained_gnn,40,4,0.5246999999999999,0.0,190.12,0.3987770729200201,30.31,30.33,38337.0,0.0,0.0,1.0,0.98,0.02
untrained_mlp,6,0,0.9333333333333332,0.57,0.6,0.001080100839990276,5.186046511627907,6.235294117647059,37990.0,0.57,0.26,0.17,0.1,0.33
untrained_mlp,6,1,0.9111111111111111,0.47,0.8,0.0009366549900187,5.471698113207547,6.2592592592592595,37990.0,0.47,0.26,0.27,0.19,0.34
untrained_mlp,6,2,0.8933333333333333,0.37,0.96,0.000997700830011984,5.476190476190476,6.212121212121212,37990.0,0.37,0.3,0.33,0.18,0.45
untrained_mlp,6,3,0.8977777777777777,0.41,0.92,0.000901330810011116,5.5423728813559325,6.212121212121212,37990.0,0.41,0.26,0.33,0.23,0.36
untrained_mlp,6,4,0.9155555555555556,0.5,0.76,0.000989931659987576,5.26,5.961538461538462,37990.0,0.5,0.24,0.26,0.17,0.33
untrained_mlp,7,0,0.91,0.55,1.08,0.001517038750007432,7.066666666666666,7.25,37990.0,0.55,0.01,0.44,0.41,0.04
untrained_mlp,7,1,0.9058333333333333,0.52,1.13,0.00151649333001838,7.020833333333333,7.239130434782608,37990.0,0.52,0.02,0.46,0.39,0.09
untrained_mlp,7,2,0.8816666666666667,0.4,1.42,0.0015363975099898358,7.116666666666666,7.490566037735849,37990.0,0.4,0.07,0.53,0.45,0.15
untrained_mlp,7,3,0.9091666666666667,0.52,1.09,0.001429614580010784,7.208333333333333,7.4772727272727275,37990.0,0.52,0.04,0.44,0.39,0.09
untrained_mlp,7,4,0.9133333333333333,0.53,1.04,0.001549404599972992,7.0212765957446805,7.195652173913044,37990.0,0.53,0.01,0.46,0.42,0.05
untrained_mlp,8,0,0.848125,0.14,2.43,0.002234624169996044,7.976744186046512,8.710144927536232,37990.0,0.14,0.17,0.69,0.45,0.41
untrained_mlp,8,1,0.843125,0.16,2.51,0.002109244569983208,7.666666666666667,8.58904109589041,37990.0,0.16,0.11,0.73,0.42,0.42
untrained_mlp,8,2,0.86125,0.19,2.22,0.002282875419987192,7.703703703703703,8.426229508196721,37990.0,0.19,0.2,0.61,0.4,0.41
untrained_mlp,8,3,0.85,0.22,2.4,0.002154382509997904,7.576923076923077,8.317460317460318,37990.0,0.22,0.15,0.63,0.41,0.37
untrained_mlp,8,4,0.86,0.21,2.24,0.002152387909991328,7.632911392405063,8.540983606557377,37990.0,0.21,0.18,0.61,0.38,0.41
untrained_mlp,9,0,0.8465,0.19,3.07,0.003143652919989076,9.592592592592593,9.844155844155845,37990.0,0.19,0.04,0.77,0.67,0.14
untrained_mlp,9,1,0.8384999999999999,0.16,3.23,0.002967038749993608,9.404761904761905,9.88888888888889,37990.0,0.16,0.03,0.81,0.69,0.15
untrained_mlp,9,2,0.843,0.18,3.14,0.002995553760010764,9.634146341463415,9.947368421052632,37990.0,0.18,0.06,0.76,0.67,0.15
untrained_mlp,9,3,0.8484999999999999,0.2,3.03,0.003026502089996892,9.5,9.789473684210526,37990.0,0.2,0.04,0.76,0.68,0.12
untrained_mlp,9,4,0.8454999999999999,0.19,3.09,0.00289296250000912,9.345679012345679,9.455696202531646,37990.0,0.19,0.02,0.79,0.74,0.07
untrained_mlp,10,0,0.8203999999999999,0.1,4.49,0.00430250499997776,9.533333333333333,10.578313253012048,37990.0,0.1,0.07,0.83,0.53,0.37
untrained_mlp,10,1,0.8271999999999999,0.1,4.32,0.004579232920023016,9.677777777777777,10.325,37990.0,0.1,0.1,0.8,0.59,0.31
untrained_mlp,10,2,0.8164,0.07,4.59,0.00414382499999188,9.548387096774194,10.232558139534884,37990.0,0.07,0.07,0.86,0.58,0.35
untrained_mlp,10,3,0.8072,0.05,4.82,0.004025809579998108,10.263157894736842,11.21111111111111,37990.0,0.05,0.05,0.9,0.57,0.38
untrained_mlp,10,4,0.8076000000000001,0.02,4.81,0.003974062899997028,9.816326530612244,11.076923076923077,37990.0,0.02,0.07,0.91,0.6,0.38
untrained_mlp,11,0,0.7876666666666666,0.04,6.37,0.006689875839983832,10.78125,11.126315789473685,37990.0,0.04,0.01,0.95,0.79,0.17
untrained_mlp,11,1,0.8076666666666666,0.07,5.77,0.00596303666998208,11.451612903225806,11.58695652173913,37990.0,0.07,0.01,0.92,0.83,0.1
untrained_mlp,11,2,0.8003333333333333,0.06,5.99,0.0054198320899922405,11.691489361702128,11.957446808510639,37990.0,0.06,0.0,0.94,0.83,0.11
untrained_mlp,11,3,0.802,0.05,5.94,0.0054154329099946556,11.305263157894737,11.623655913978494,37990.0,0.05,0.02,0.93,0.79,0.16
untrained_mlp,11,4,0.7993333333333333,0.07,6.02,0.0051300337499923755,10.817204301075268,11.23913043478261,37990.0,0.07,0.01,0.92,0.81,0.12
untrained_mlp,12,0,0.7747222222222223,0.01,8.11,0.007338494580017068,12.171717171717171,13.172043010752688,37990.0,0.01,0.06,0.93,0.6,0.39
untrained_mlp,12,1,0.7788888888888889,0.02,7.96,0.0075386149899713565,12.0,13.010526315789473,37990.0,0.02,0.03,0.95,0.66,0.32
untrained_mlp,12,2,0.7680555555555556,0.02,8.35,0.006950464170004096,11.653061224489797,12.635416666666666,37990.0,0.02,0.02,0.96,0.67,0.31
untrained_mlp,12,3,0.7875,0.02,7.65,0.007259793340017484,11.826530612244898,12.635416666666666,37990.0,0.02,0.02,0.96,0.7,0.28
untrained_mlp,12,4,0.7647222222222223,0.02,8.47,0.006977645430015356,11.5,12.479166666666666,37990.0,0.02,0.02,0.96,0.64,0.34
untrained_mlp,13,0,0.7592857142857143,0.02,10.11,0.009176409179999552,12.581632653061224,12.928571428571429,37990.0,0.02,0.0,0.98,0.84,0.14
untrained_mlp,13,1,0.759047619047619,0.03,10.12,0.01083507706998714,13.103092783505154,13.56701030927835,37990.0,0.03,0.0,0.97,0.88,0.09
untrained_mlp,13,2,0.7604761904761905,0.01,10.06,0.009026571670019601,12.878787878787879,13.333333333333334,37990.0,0.01,0.0,0.99,0.9,0.09
untrained_mlp,13,3,0.7678571428571429,0.04,9.75,0.009074788319994644,12.71875,13.09375,37990.0,0.04,0.0,0.96,0.85,0.11
untrained_mlp,13,4,0.7780952380952381,0.04,9.32,0.009197602919994047,13.166666666666666,13.489583333333334,37990.0,0.04,0.0,0.96,0.86,0.1
untrained_mlp,14,0,0.7353061224489795,0.0,12.97,0.011573099580000372,13.01,14.02,37990.0,0.0,0.0,1.0,0.7,0.3
untrained_mlp,14,1,0.7324489795918367,0.0,13.11,0.012375162079988455,12.63,13.77,37990.0,0.0,0.0,1.0,0.72,0.28
untrained_mlp,14,2,0.7477551020408163,0.02,12.36,0.0124022825000065,13.66326530612245,14.45360824742268,37990.0,0.02,0.01,0.97,0.72,0.26
untrained_mlp,14,3,0.7518367346938776,0.0,12.16,0.011463430839994494,13.51,14.142857142857142,37990.0,0.0,0.02,0.98,0.75,0.25
untrained_mlp,14,4,0.7422448979591837,0.0,12.63,0.011143161259969891,12.64,13.31,37990.0,0.0,0.0,1.0,0.78,0.22
untrained_mlp,15,0,0.7380357142857144,0.0,14.67,0.014729997499998704,14.61,14.76,37990.0,0.0,0.0,1.0,0.93,0.07
untrained_mlp,15,1,0.7358928571428571,0.0,14.79,0.014221848340002848,14.23,14.62,37990.0,0.0,0.0,1.0,0.85,0.15
untrained_mlp,15,2,0.7389285714285714,0.0,14.62,0.014297869990004923,14.13,14.51,37990.0,0.0,0.0,1.0,0.89,0.11
untrained_mlp,15,3,0.7385714285714287,0.0,14.64,0.014818642099980888,14.71,15.292929292929292,37990.0,0.0,0.01,0.99,0.88,0.12
untrained_mlp,15,4,0.729642857142857,0.0,15.14,0.013879293340014507,14.29,14.585858585858587,37990.0,0.0,0.01,0.99,0.89,0.11
untrained_mlp,16,0,0.72421875,0.0,17.65,0.017589131250006135,14.39,14.767676767676768,37990.0,0.0,0.01,0.99,0.82,0.18
untrained_mlp,16,1,0.71515625,0.0,18.23,0.017156748339984863,14.22,14.86,37990.0,0.0,0.0,1.0,0.82,0.18
untrained_mlp,16,2,0.71390625,0.0,18.31,0.017119663739977076,14.48,15.24,37990.0,0.0,0.0,1.0,0.82,0.18
untrained_mlp,16,3,0.71359375,0.01,18.33,0.018079748330019286,14.080808080808081,14.846938775510203,37990.0,0.01,0.01,0.98,0.78,0.21
untrained_mlp,16,4,0.718125,0.0,18.04,0.017885428339995974,14.7,15.37,37990.0,0.0,0.0,1.0,0.78,0.22
untrained_mlp,17,0,0.7086111111111112,0.0,20.98,0.022057242090031598,16.04,16.25,37990.0,0.0,0.0,1.0,0.92,0.08
untrained_mlp,17,1,0.7079166666666667,0.0,21.03,0.02102995833001835,15.43,15.72,37990.0,0.0,0.0,1.0,0.93,0.07
untrained_mlp,17,2,0.7079166666666667,0.0,21.03,0.021208980419996745,16.61,16.85,37990.0,0.0,0.0,1.0,0.9,0.1
untrained_mlp,17,3,0.7033333333333333,0.0,21.36,0.021807346240020672,15.85,16.09,37990.0,0.0,0.0,1.0,0.92,0.08
untrained_mlp,17,4,0.6952777777777777,0.0,21.94,0.02027907374998899,15.88,16.29,37990.0,0.0,0.0,1.0,0.89,0.11
untrained_mlp,20,0,0.6644,0.0,33.56,0.03670566210001195,17.4,17.68,37990.0,0.0,0.0,1.0,0.89,0.11
untrained_mlp,20,1,0.6676000000000001,0.0,33.24,0.03648577791000204,17.28,17.67,37990.0,0.0,0.0,1.0,0.87,0.13
untrained_mlp,20,2,0.6724,0.0,32.76,0.037273762509994375,17.51,18.01,37990.0,0.0,0.0,1.0,0.86,0.14
untrained_mlp,20,3,0.6695,0.0,33.05,0.03597004290999391,17.45,17.88,37990.0,0.0,0.0,1.0,0.89,0.11
untrained_mlp,20,4,0.6611,0.0,33.89,0.03436449625001837,17.38,17.94,37990.0,0.0,0.0,1.0,0.83,0.17
untrained_mlp,23,0,0.6353787878787879,0.0,48.13,0.05709359958000273,19.9,20.06,37990.0,0.0,0.0,1.0,0.96,0.04
untrained_mlp,23,1,0.6406818181818181,0.0,47.43,0.056344756259986715,19.98,20.2,37990.0,0.0,0.0,1.0,0.92,0.08
untrained_mlp,23,2,0.6423484848484848,0.0,47.21,0.05702233876998429,19.08,19.21,37990.0,0.0,0.0,1.0,0.98,0.02
untrained_mlp,23,3,0.6468181818181818,0.0,46.62,0.05574776209001353,19.32,19.46,37990.0,0.0,0.0,1.0,0.93,0.07
untrained_mlp,23,4,0.6389393939393939,0.0,47.66,0.05498686916998846,19.77,19.86,37990.0,0.0,0.0,1.0,0.97,0.03
untrained_mlp,24,0,0.6343055555555556,0.0,52.66,0.06787352374998586,20.73,20.9,37990.0,0.0,0.0,1.0,0.93,0.07
untrained_mlp,24,1,0.6303472222222222,0.0,53.23,0.06532210290999498,20.05,20.37,37990.0,0.0,0.0,1.0,0.91,0.09
untrained_mlp,24,2,0.6270138888888889,0.0,53.71,0.06503462332999331,19.62,19.74,37990.0,0.0,0.0,1.0,0.94,0.06
untrained_mlp,24,3,0.63125,0.0,53.1,0.0642422166899632,19.58,19.84,37990.0,0.0,0.0,1.0,0.88,0.12
untrained_mlp,24,4,0.6357638888888889,0.0,52.45,0.0648142291699514,20.06,20.37,37990.0,0.0,0.0,1.0,0.91,0.09
